aevangelista,GROUPS,AGPARFDV6UGLDMLIVBD2H,ForceMFAUserGroup,arn:aws:iam::079704269206:group/ForceMFAUserGroup[0m
aevangelista,GROUPS,AGPARFDV6UGLDWFT66J65,ses_readonly,arn:aws:iam::079704269206:group/ses_readonly[0m
aevangelista,GROUPS,AGPARFDV6UGLGRRENGNOQ,BaseConsole,arn:aws:iam::079704269206:group/BaseConsole[0m
aevangelista,GROUPS,AGPARFDV6UGLML3BF5EJN,cloudwatch_readonly,arn:aws:iam::079704269206:group/cloudwatch_readonly[0m
aevangelista,GROUP_ATTACHED,ANPAJ4L4MM2A7QIEB56MS,IAMUserChangePassword,arn:aws:iam::aws:policy/IAMUserChangePassword,3,v2[0m
aevangelista,GROUP_ATTACHED,ANPAZKAPJZG4HEDUXFSA3,AWSCloudShellFullAccess,arn:aws:iam::aws:policy/AWSCloudShellFullAccess,1,v1[0m
aevangelista,GROUP_ATTACHED,ANPARFDV6UGLBTC6MLCPA,UserSelfManage,arn:aws:iam::079704269206:policy/UserSelfManage,1,v3[0m
aevangelista,GROUP_ATTACHED,ANPARFDV6UGLCRBVM5NGG,AllowMFAmanagement,arn:aws:iam::079704269206:policy/AllowMFAmanagement,1,v6[0m
aevangelista,GROUP_ATTACHED,ANPAJN23PDQP7SZQAE3QE,CloudWatchReadOnlyAccess,arn:aws:iam::aws:policy/CloudWatchReadOnlyAccess,4,v9[0m
aevangelista,GROUP_ATTACHED,ANPAIILJPXXA6F7GYLYBS,CloudWatchEventsReadOnlyAccess,arn:aws:iam::aws:policy/CloudWatchEventsReadOnlyAccess,1,v3[0m
aevangelista,GROUP_ATTACHED,ANPAJ2YIYDYSNNEHK3VKW,CloudWatchLogsReadOnlyAccess,arn:aws:iam::aws:policy/CloudWatchLogsReadOnlyAccess,2,v6[0m
aevangelista,GROUP_ATTACHED,ANPAZKAPJZG4AX4TJYLSI,CloudWatchApplicationInsightsReadOnlyAccess,arn:aws:iam::aws:policy/CloudWatchApplicationInsightsReadOnlyAccess,2,v1[0m
aevangelista,GROUP_ATTACHED,ANPAZKAPJZG4C7XDT2FFB,CloudWatchSyntheticsReadOnlyAccess,arn:aws:iam::aws:policy/CloudWatchSyntheticsReadOnlyAccess,1,v2[0m
aevangelista,GROUP_ATTACHED,ANPARFDV6UGLAGLJUO27N,MFAEnforcementPolicy,arn:aws:iam::079704269206:policy/MFAEnforcementPolicy,1,v1[0m
aevangelista,GROUP_ATTACHED,ANPAINV2XPFRMWJJNSCGI,AmazonSESReadOnlyAccess,arn:aws:iam::aws:policy/AmazonSESReadOnlyAccess,1,v2[0m
aevangelista,GROUP_ATTACHED,ANPARFDV6UGLNI74FW6SK,cloudwatch_mail_logs_read_only,arn:aws:iam::079704269206:policy/cloudwatch_mail_logs_read_only,1,v4[0m
aevangelista,GROUP_INLINE,,SaveCloudwatchInsightsQueries,,0,[0m
aevangelista,GROUP_INLINE,,allow-remove-from-suppression-list,,0,[0m
aevangelista,GROUP_INLINE,,SaveCloudwatchInsightsQueries,,0,[0m
aevangelista,GROUP_INLINE,,allow-remove-from-suppression-list,,0,[0m

afernandez,GROUPS,AGPARFDV6UGLDMLIVBD2H,ForceMFAUserGroup,arn:aws:iam::079704269206:group/ForceMFAUserGroup[0m
afernandez,GROUPS,AGPARFDV6UGLETBAGMMD5,Support_Access,arn:aws:iam::079704269206:group/Support_Access[0m
afernandez,GROUPS,AGPARFDV6UGLGRRENGNOQ,BaseConsole,arn:aws:iam::079704269206:group/BaseConsole[0m
afernandez,GROUPS,AGPARFDV6UGLML3BF5EJN,cloudwatch_readonly,arn:aws:iam::079704269206:group/cloudwatch_readonly[0m
afernandez,GROUP_ATTACHED,ANPAJ4L4MM2A7QIEB56MS,IAMUserChangePassword,arn:aws:iam::aws:policy/IAMUserChangePassword,3,v2[0m
afernandez,GROUP_ATTACHED,ANPAZKAPJZG4HEDUXFSA3,AWSCloudShellFullAccess,arn:aws:iam::aws:policy/AWSCloudShellFullAccess,1,v1[0m
afernandez,GROUP_ATTACHED,ANPARFDV6UGLBTC6MLCPA,UserSelfManage,arn:aws:iam::079704269206:policy/UserSelfManage,1,v3[0m
afernandez,GROUP_ATTACHED,ANPARFDV6UGLCRBVM5NGG,AllowMFAmanagement,arn:aws:iam::079704269206:policy/AllowMFAmanagement,1,v6[0m
afernandez,GROUP_ATTACHED,ANPAJN23PDQP7SZQAE3QE,CloudWatchReadOnlyAccess,arn:aws:iam::aws:policy/CloudWatchReadOnlyAccess,4,v9[0m
afernandez,GROUP_ATTACHED,ANPAIILJPXXA6F7GYLYBS,CloudWatchEventsReadOnlyAccess,arn:aws:iam::aws:policy/CloudWatchEventsReadOnlyAccess,1,v3[0m
afernandez,GROUP_ATTACHED,ANPAJ2YIYDYSNNEHK3VKW,CloudWatchLogsReadOnlyAccess,arn:aws:iam::aws:policy/CloudWatchLogsReadOnlyAccess,2,v6[0m
afernandez,GROUP_ATTACHED,ANPAZKAPJZG4AX4TJYLSI,CloudWatchApplicationInsightsReadOnlyAccess,arn:aws:iam::aws:policy/CloudWatchApplicationInsightsReadOnlyAccess,2,v1[0m
afernandez,GROUP_ATTACHED,ANPAZKAPJZG4C7XDT2FFB,CloudWatchSyntheticsReadOnlyAccess,arn:aws:iam::aws:policy/CloudWatchSyntheticsReadOnlyAccess,1,v2[0m
afernandez,GROUP_ATTACHED,ANPARFDV6UGLAGLJUO27N,MFAEnforcementPolicy,arn:aws:iam::079704269206:policy/MFAEnforcementPolicy,1,v1[0m
afernandez,GROUP_ATTACHED,ANPAJSNKQX2OW67GF4S7E,AWSSupportAccess,arn:aws:iam::aws:policy/AWSSupportAccess,5,v1[0m
afernandez,GROUP_INLINE,,SaveCloudwatchInsightsQueries,,0,[0m
afernandez,GROUP_INLINE,,SaveCloudwatchInsightsQueries,,0,[0m

agoulart,GROUPS,AGPARFDV6UGLDMLIVBD2H,ForceMFAUserGroup,arn:aws:iam::079704269206:group/ForceMFAUserGroup[0m
agoulart,GROUPS,AGPARFDV6UGLETBAGMMD5,Support_Access,arn:aws:iam::079704269206:group/Support_Access[0m
agoulart,GROUPS,AGPARFDV6UGLGRRENGNOQ,BaseConsole,arn:aws:iam::079704269206:group/BaseConsole[0m
agoulart,GROUPS,AGPARFDV6UGLML3BF5EJN,cloudwatch_readonly,arn:aws:iam::079704269206:group/cloudwatch_readonly[0m
agoulart,GROUP_ATTACHED,ANPAJ4L4MM2A7QIEB56MS,IAMUserChangePassword,arn:aws:iam::aws:policy/IAMUserChangePassword,3,v2[0m
agoulart,GROUP_ATTACHED,ANPAZKAPJZG4HEDUXFSA3,AWSCloudShellFullAccess,arn:aws:iam::aws:policy/AWSCloudShellFullAccess,1,v1[0m
agoulart,GROUP_ATTACHED,ANPARFDV6UGLBTC6MLCPA,UserSelfManage,arn:aws:iam::079704269206:policy/UserSelfManage,1,v3[0m
agoulart,GROUP_ATTACHED,ANPARFDV6UGLCRBVM5NGG,AllowMFAmanagement,arn:aws:iam::079704269206:policy/AllowMFAmanagement,1,v6[0m
agoulart,GROUP_ATTACHED,ANPAJN23PDQP7SZQAE3QE,CloudWatchReadOnlyAccess,arn:aws:iam::aws:policy/CloudWatchReadOnlyAccess,4,v9[0m
agoulart,GROUP_ATTACHED,ANPAIILJPXXA6F7GYLYBS,CloudWatchEventsReadOnlyAccess,arn:aws:iam::aws:policy/CloudWatchEventsReadOnlyAccess,1,v3[0m
agoulart,GROUP_ATTACHED,ANPAJ2YIYDYSNNEHK3VKW,CloudWatchLogsReadOnlyAccess,arn:aws:iam::aws:policy/CloudWatchLogsReadOnlyAccess,2,v6[0m
agoulart,GROUP_ATTACHED,ANPAZKAPJZG4AX4TJYLSI,CloudWatchApplicationInsightsReadOnlyAccess,arn:aws:iam::aws:policy/CloudWatchApplicationInsightsReadOnlyAccess,2,v1[0m
agoulart,GROUP_ATTACHED,ANPAZKAPJZG4C7XDT2FFB,CloudWatchSyntheticsReadOnlyAccess,arn:aws:iam::aws:policy/CloudWatchSyntheticsReadOnlyAccess,1,v2[0m
agoulart,GROUP_ATTACHED,ANPARFDV6UGLAGLJUO27N,MFAEnforcementPolicy,arn:aws:iam::079704269206:policy/MFAEnforcementPolicy,1,v1[0m
agoulart,GROUP_ATTACHED,ANPAJSNKQX2OW67GF4S7E,AWSSupportAccess,arn:aws:iam::aws:policy/AWSSupportAccess,5,v1[0m
agoulart,GROUP_INLINE,,SaveCloudwatchInsightsQueries,,0,[0m
agoulart,GROUP_INLINE,,SaveCloudwatchInsightsQueries,,0,[0m

airflow,GROUPS,AGPARFDV6UGLFAYIRDH4J,airflow_dags,arn:aws:iam::079704269206:group/airflow_dags[0m
airflow,GROUP_ATTACHED,ANPARFDV6UGLGQHPA5HAO,airflow_s3,arn:aws:iam::079704269206:policy/airflow_s3,2,v2[0m

asaid,GROUPS,AGPARFDV6UGLDMLIVBD2H,ForceMFAUserGroup,arn:aws:iam::079704269206:group/ForceMFAUserGroup[0m
asaid,GROUPS,AGPARFDV6UGLGRRENGNOQ,BaseConsole,arn:aws:iam::079704269206:group/BaseConsole[0m
asaid,GROUPS,AGPARFDV6UGLML3BF5EJN,cloudwatch_readonly,arn:aws:iam::079704269206:group/cloudwatch_readonly[0m
asaid,GROUP_ATTACHED,ANPAJ4L4MM2A7QIEB56MS,IAMUserChangePassword,arn:aws:iam::aws:policy/IAMUserChangePassword,3,v2[0m
asaid,GROUP_ATTACHED,ANPAZKAPJZG4HEDUXFSA3,AWSCloudShellFullAccess,arn:aws:iam::aws:policy/AWSCloudShellFullAccess,1,v1[0m
asaid,GROUP_ATTACHED,ANPARFDV6UGLBTC6MLCPA,UserSelfManage,arn:aws:iam::079704269206:policy/UserSelfManage,1,v3[0m
asaid,GROUP_ATTACHED,ANPARFDV6UGLCRBVM5NGG,AllowMFAmanagement,arn:aws:iam::079704269206:policy/AllowMFAmanagement,1,v6[0m
asaid,GROUP_ATTACHED,ANPAJN23PDQP7SZQAE3QE,CloudWatchReadOnlyAccess,arn:aws:iam::aws:policy/CloudWatchReadOnlyAccess,4,v9[0m
asaid,GROUP_ATTACHED,ANPAIILJPXXA6F7GYLYBS,CloudWatchEventsReadOnlyAccess,arn:aws:iam::aws:policy/CloudWatchEventsReadOnlyAccess,1,v3[0m
asaid,GROUP_ATTACHED,ANPAJ2YIYDYSNNEHK3VKW,CloudWatchLogsReadOnlyAccess,arn:aws:iam::aws:policy/CloudWatchLogsReadOnlyAccess,2,v6[0m
asaid,GROUP_ATTACHED,ANPAZKAPJZG4AX4TJYLSI,CloudWatchApplicationInsightsReadOnlyAccess,arn:aws:iam::aws:policy/CloudWatchApplicationInsightsReadOnlyAccess,2,v1[0m
asaid,GROUP_ATTACHED,ANPAZKAPJZG4C7XDT2FFB,CloudWatchSyntheticsReadOnlyAccess,arn:aws:iam::aws:policy/CloudWatchSyntheticsReadOnlyAccess,1,v2[0m
asaid,GROUP_ATTACHED,ANPARFDV6UGLAGLJUO27N,MFAEnforcementPolicy,arn:aws:iam::079704269206:policy/MFAEnforcementPolicy,1,v1[0m
asaid,GROUP_INLINE,,SaveCloudwatchInsightsQueries,,0,[0m
asaid,GROUP_INLINE,,SaveCloudwatchInsightsQueries,,0,[0m

awickstrom,GROUPS,AGPARFDV6UGLDMLIVBD2H,ForceMFAUserGroup,arn:aws:iam::079704269206:group/ForceMFAUserGroup[0m
awickstrom,GROUPS,AGPARFDV6UGLETBAGMMD5,Support_Access,arn:aws:iam::079704269206:group/Support_Access[0m
awickstrom,GROUPS,AGPARFDV6UGLGRRENGNOQ,BaseConsole,arn:aws:iam::079704269206:group/BaseConsole[0m
awickstrom,GROUPS,AGPARFDV6UGLGW4B7DDF4,RedshiftUsers,arn:aws:iam::079704269206:group/RedshiftUsers[0m
awickstrom,GROUPS,AGPARFDV6UGLML3BF5EJN,cloudwatch_readonly,arn:aws:iam::079704269206:group/cloudwatch_readonly[0m
awickstrom,GROUPS,AGPARFDV6UGLO5TAMXOUJ,redshift-admins,arn:aws:iam::079704269206:group/redshift-admins[0m
awickstrom,GROUPS,AGPARFDV6UGLOBYY34QDG,stg_quicksight_admins,arn:aws:iam::079704269206:group/stg_quicksight_admins[0m
awickstrom,GROUPS,AGPARFDV6UGLOF27TIXRH,quicksight_creator,arn:aws:iam::079704269206:group/quicksight_creator[0m
awickstrom,GROUPS,AGPARFDV6UGLPZQJT6UO7,redshift_scheduler,arn:aws:iam::079704269206:group/redshift_scheduler[0m
awickstrom,ATTACHED_POLICY,ANPAZKAPJZG4BKYFZHR4E,AmazonRedshiftQueryEditorV2FullAccess,arn:aws:iam::aws:policy/AmazonRedshiftQueryEditorV2FullAccess,3,v3[0m
awickstrom,ATTACHED_POLICY,ANPARFDV6UGLHDF6VCFLV,dms-read-only,arn:aws:iam::079704269206:policy/dms-read-only,2,v5[0m
awickstrom,GROUP_ATTACHED,ANPAJ4L4MM2A7QIEB56MS,IAMUserChangePassword,arn:aws:iam::aws:policy/IAMUserChangePassword,3,v2[0m
awickstrom,GROUP_ATTACHED,ANPAZKAPJZG4HEDUXFSA3,AWSCloudShellFullAccess,arn:aws:iam::aws:policy/AWSCloudShellFullAccess,1,v1[0m
awickstrom,GROUP_ATTACHED,ANPARFDV6UGLBTC6MLCPA,UserSelfManage,arn:aws:iam::079704269206:policy/UserSelfManage,1,v3[0m
awickstrom,GROUP_ATTACHED,ANPARFDV6UGLCRBVM5NGG,AllowMFAmanagement,arn:aws:iam::079704269206:policy/AllowMFAmanagement,1,v6[0m
awickstrom,GROUP_ATTACHED,ANPAJN23PDQP7SZQAE3QE,CloudWatchReadOnlyAccess,arn:aws:iam::aws:policy/CloudWatchReadOnlyAccess,4,v9[0m
awickstrom,GROUP_ATTACHED,ANPAIILJPXXA6F7GYLYBS,CloudWatchEventsReadOnlyAccess,arn:aws:iam::aws:policy/CloudWatchEventsReadOnlyAccess,1,v3[0m
awickstrom,GROUP_ATTACHED,ANPAJ2YIYDYSNNEHK3VKW,CloudWatchLogsReadOnlyAccess,arn:aws:iam::aws:policy/CloudWatchLogsReadOnlyAccess,2,v6[0m
awickstrom,GROUP_ATTACHED,ANPAZKAPJZG4AX4TJYLSI,CloudWatchApplicationInsightsReadOnlyAccess,arn:aws:iam::aws:policy/CloudWatchApplicationInsightsReadOnlyAccess,2,v1[0m
awickstrom,GROUP_ATTACHED,ANPAZKAPJZG4C7XDT2FFB,CloudWatchSyntheticsReadOnlyAccess,arn:aws:iam::aws:policy/CloudWatchSyntheticsReadOnlyAccess,1,v2[0m
awickstrom,GROUP_ATTACHED,ANPARFDV6UGLAGLJUO27N,MFAEnforcementPolicy,arn:aws:iam::079704269206:policy/MFAEnforcementPolicy,1,v1[0m
awickstrom,GROUP_ATTACHED,ANPARFDV6UGLOFIXJL3PB,AWSQuickSightRDSPolicy,arn:aws:iam::079704269206:policy/service-role/AWSQuickSightRDSPolicy,3,v2[0m
awickstrom,GROUP_ATTACHED,ANPARFDV6UGLICMV7QU6K,quicksight_creator,arn:aws:iam::079704269206:policy/quicksight_creator,1,v1[0m
awickstrom,GROUP_ATTACHED,ANPARFDV6UGLOJKPDHSEA,AWSQuickSightIAMPolicy,arn:aws:iam::079704269206:policy/service-role/AWSQuickSightIAMPolicy,3,v2[0m
awickstrom,GROUP_ATTACHED,ANPARFDV6UGLAGXJJTF4K,AWSQuickSightRedshiftPolicy,arn:aws:iam::079704269206:policy/service-role/AWSQuickSightRedshiftPolicy,4,v2[0m
awickstrom,GROUP_ATTACHED,ANPAI3CCUQ4U5WNC5F6B6,AmazonDMSRedshiftS3Role,arn:aws:iam::aws:policy/service-role/AmazonDMSRedshiftS3Role,3,v3[0m
awickstrom,GROUP_ATTACHED,ANPAJFEM6MLSLTW4ZNBW2,AWSQuickSightDescribeRedshift,arn:aws:iam::aws:policy/service-role/AWSQuickSightDescribeRedshift,1,v1[0m
awickstrom,GROUP_ATTACHED,ANPAIGD46KSON64QBSEZM,AmazonRedshiftReadOnlyAccess,arn:aws:iam::aws:policy/AmazonRedshiftReadOnlyAccess,3,v2[0m
awickstrom,GROUP_ATTACHED,ANPAJ4L4MM2A7QIEB56MS,IAMUserChangePassword,arn:aws:iam::aws:policy/IAMUserChangePassword,3,v2[0m
awickstrom,GROUP_ATTACHED,ANPAINVFHHP7CWVHTGBGM,AmazonRedshiftQueryEditor,arn:aws:iam::aws:policy/AmazonRedshiftQueryEditor,2,v4[0m
awickstrom,GROUP_ATTACHED,ANPAZKAPJZG4KIS42XTKF,AmazonMachineLearningRoleforRedshiftDataSourceV2,arn:aws:iam::aws:policy/service-role/AmazonMachineLearningRoleforRedshiftDataSourceV2,1,v1[0m
awickstrom,GROUP_ATTACHED,ANPARFDV6UGLLCU56QO3Z,redshift-serverless-readonly,arn:aws:iam::079704269206:policy/redshift-serverless-readonly,1,v1[0m
awickstrom,GROUP_ATTACHED,ANPAZKAPJZG4BUM4GCASI,AmazonEventBridgeFullAccess,arn:aws:iam::aws:policy/AmazonEventBridgeFullAccess,2,v4[0m
awickstrom,GROUP_ATTACHED,ANPARFDV6UGLEHSRA7DCG,AllowAmazonRedshiftDataFullAccess,arn:aws:iam::079704269206:policy/AllowAmazonRedshiftDataFullAccess,1,v2[0m
awickstrom,GROUP_ATTACHED,ANPAJSNKQX2OW67GF4S7E,AWSSupportAccess,arn:aws:iam::aws:policy/AWSSupportAccess,5,v1[0m
awickstrom,GROUP_INLINE,,SaveCloudwatchInsightsQueries,,0,[0m
awickstrom,GROUP_INLINE,,allow_write_access_redshift_serverless,,0,[0m
awickstrom,GROUP_INLINE,,stg_quicksight_full_access,,0,[0m
awickstrom,GROUP_INLINE,,SaveCloudwatchInsightsQueries,,0,[0m
awickstrom,GROUP_INLINE,,allow_write_access_redshift_serverless,,0,[0m
awickstrom,GROUP_INLINE,,stg_quicksight_full_access,,0,[0m

bevans,GROUPS,AGPARFDV6UGLDMLIVBD2H,ForceMFAUserGroup,arn:aws:iam::079704269206:group/ForceMFAUserGroup[0m
bevans,GROUPS,AGPARFDV6UGLGRRENGNOQ,BaseConsole,arn:aws:iam::079704269206:group/BaseConsole[0m
bevans,GROUPS,AGPARFDV6UGLML3BF5EJN,cloudwatch_readonly,arn:aws:iam::079704269206:group/cloudwatch_readonly[0m
bevans,GROUPS,AGPARFDV6UGLOCL4LWILL,architecture_services,arn:aws:iam::079704269206:group/architecture_services[0m
bevans,GROUP_ATTACHED,ANPAZKAPJZG4M2AUBSW6R,AmazonRDSPerformanceInsightsReadOnly,arn:aws:iam::aws:policy/AmazonRDSPerformanceInsightsReadOnly,1,v3[0m
bevans,GROUP_ATTACHED,ANPARFDV6UGLL4RGZB42V,LimitedAccessKMSforRDS,arn:aws:iam::079704269206:policy/LimitedAccessKMSforRDS,1,v1[0m
bevans,GROUP_ATTACHED,ANPARFDV6UGLKAHXMTSD6,AthenaElevatedAccessArchitectureGuild,arn:aws:iam::079704269206:policy/AthenaElevatedAccessArchitectureGuild,1,v1[0m
bevans,GROUP_ATTACHED,ANPAJ4L4MM2A7QIEB56MS,IAMUserChangePassword,arn:aws:iam::aws:policy/IAMUserChangePassword,3,v2[0m
bevans,GROUP_ATTACHED,ANPAZKAPJZG4HEDUXFSA3,AWSCloudShellFullAccess,arn:aws:iam::aws:policy/AWSCloudShellFullAccess,1,v1[0m
bevans,GROUP_ATTACHED,ANPARFDV6UGLBTC6MLCPA,UserSelfManage,arn:aws:iam::079704269206:policy/UserSelfManage,1,v3[0m
bevans,GROUP_ATTACHED,ANPARFDV6UGLCRBVM5NGG,AllowMFAmanagement,arn:aws:iam::079704269206:policy/AllowMFAmanagement,1,v6[0m
bevans,GROUP_ATTACHED,ANPAJN23PDQP7SZQAE3QE,CloudWatchReadOnlyAccess,arn:aws:iam::aws:policy/CloudWatchReadOnlyAccess,4,v9[0m
bevans,GROUP_ATTACHED,ANPAIILJPXXA6F7GYLYBS,CloudWatchEventsReadOnlyAccess,arn:aws:iam::aws:policy/CloudWatchEventsReadOnlyAccess,1,v3[0m
bevans,GROUP_ATTACHED,ANPAJ2YIYDYSNNEHK3VKW,CloudWatchLogsReadOnlyAccess,arn:aws:iam::aws:policy/CloudWatchLogsReadOnlyAccess,2,v6[0m
bevans,GROUP_ATTACHED,ANPAZKAPJZG4AX4TJYLSI,CloudWatchApplicationInsightsReadOnlyAccess,arn:aws:iam::aws:policy/CloudWatchApplicationInsightsReadOnlyAccess,2,v1[0m
bevans,GROUP_ATTACHED,ANPAZKAPJZG4C7XDT2FFB,CloudWatchSyntheticsReadOnlyAccess,arn:aws:iam::aws:policy/CloudWatchSyntheticsReadOnlyAccess,1,v2[0m
bevans,GROUP_ATTACHED,ANPARFDV6UGLAGLJUO27N,MFAEnforcementPolicy,arn:aws:iam::079704269206:policy/MFAEnforcementPolicy,1,v1[0m
bevans,GROUP_INLINE,,SaveCloudwatchInsightsQueries,,0,[0m
bevans,GROUP_INLINE,,SaveCloudwatchInsightsQueries,,0,[0m

bmorin,GROUPS,AGPARFDV6UGLDMLIVBD2H,ForceMFAUserGroup,arn:aws:iam::079704269206:group/ForceMFAUserGroup[0m
bmorin,GROUPS,AGPARFDV6UGLGRRENGNOQ,BaseConsole,arn:aws:iam::079704269206:group/BaseConsole[0m
bmorin,GROUPS,AGPARFDV6UGLOKI4H26WV,deployment-pipeline-owners,arn:aws:iam::079704269206:group/deployment-pipeline-owners[0m
bmorin,GROUP_ATTACHED,ANPAJ4L4MM2A7QIEB56MS,IAMUserChangePassword,arn:aws:iam::aws:policy/IAMUserChangePassword,3,v2[0m
bmorin,GROUP_ATTACHED,ANPAZKAPJZG4HEDUXFSA3,AWSCloudShellFullAccess,arn:aws:iam::aws:policy/AWSCloudShellFullAccess,1,v1[0m
bmorin,GROUP_ATTACHED,ANPARFDV6UGLBTC6MLCPA,UserSelfManage,arn:aws:iam::079704269206:policy/UserSelfManage,1,v3[0m
bmorin,GROUP_ATTACHED,ANPARFDV6UGLCRBVM5NGG,AllowMFAmanagement,arn:aws:iam::079704269206:policy/AllowMFAmanagement,1,v6[0m
bmorin,GROUP_ATTACHED,ANPARFDV6UGLBGAQY2EE7,read_approve_pipelines,arn:aws:iam::079704269206:policy/read_approve_pipelines,1,v1[0m
bmorin,GROUP_ATTACHED,ANPARFDV6UGLAGLJUO27N,MFAEnforcementPolicy,arn:aws:iam::079704269206:policy/MFAEnforcementPolicy,1,v1[0m

cchitta,GROUPS,AGPARFDV6UGLDMLIVBD2H,ForceMFAUserGroup,arn:aws:iam::079704269206:group/ForceMFAUserGroup[0m
cchitta,GROUPS,AGPARFDV6UGLGRRENGNOQ,BaseConsole,arn:aws:iam::079704269206:group/BaseConsole[0m
cchitta,GROUPS,AGPARFDV6UGLML3BF5EJN,cloudwatch_readonly,arn:aws:iam::079704269206:group/cloudwatch_readonly[0m
cchitta,GROUP_ATTACHED,ANPAJ4L4MM2A7QIEB56MS,IAMUserChangePassword,arn:aws:iam::aws:policy/IAMUserChangePassword,3,v2[0m
cchitta,GROUP_ATTACHED,ANPAZKAPJZG4HEDUXFSA3,AWSCloudShellFullAccess,arn:aws:iam::aws:policy/AWSCloudShellFullAccess,1,v1[0m
cchitta,GROUP_ATTACHED,ANPARFDV6UGLBTC6MLCPA,UserSelfManage,arn:aws:iam::079704269206:policy/UserSelfManage,1,v3[0m
cchitta,GROUP_ATTACHED,ANPARFDV6UGLCRBVM5NGG,AllowMFAmanagement,arn:aws:iam::079704269206:policy/AllowMFAmanagement,1,v6[0m
cchitta,GROUP_ATTACHED,ANPAJN23PDQP7SZQAE3QE,CloudWatchReadOnlyAccess,arn:aws:iam::aws:policy/CloudWatchReadOnlyAccess,4,v9[0m
cchitta,GROUP_ATTACHED,ANPAIILJPXXA6F7GYLYBS,CloudWatchEventsReadOnlyAccess,arn:aws:iam::aws:policy/CloudWatchEventsReadOnlyAccess,1,v3[0m
cchitta,GROUP_ATTACHED,ANPAJ2YIYDYSNNEHK3VKW,CloudWatchLogsReadOnlyAccess,arn:aws:iam::aws:policy/CloudWatchLogsReadOnlyAccess,2,v6[0m
cchitta,GROUP_ATTACHED,ANPAZKAPJZG4AX4TJYLSI,CloudWatchApplicationInsightsReadOnlyAccess,arn:aws:iam::aws:policy/CloudWatchApplicationInsightsReadOnlyAccess,2,v1[0m
cchitta,GROUP_ATTACHED,ANPAZKAPJZG4C7XDT2FFB,CloudWatchSyntheticsReadOnlyAccess,arn:aws:iam::aws:policy/CloudWatchSyntheticsReadOnlyAccess,1,v2[0m
cchitta,GROUP_ATTACHED,ANPARFDV6UGLAGLJUO27N,MFAEnforcementPolicy,arn:aws:iam::079704269206:policy/MFAEnforcementPolicy,1,v1[0m
cchitta,GROUP_INLINE,,SaveCloudwatchInsightsQueries,,0,[0m
cchitta,GROUP_INLINE,,SaveCloudwatchInsightsQueries,,0,[0m


cci-marketplace-deploy-user,ATTACHED_POLICY,ANPARFDV6UGLIKSCFQFFP,cci-marketplace-deploy-policy,arn:aws:iam::079704269206:policy/cci-marketplace-deploy-policy,1,v1[0m

certbot,ATTACHED_POLICY,ANPARFDV6UGLFOBR6WS5V,certbot-route53,arn:aws:iam::079704269206:policy/certbot-route53,1,v2[0m

chartmuseum,ATTACHED_POLICY,ANPARFDV6UGLH56QZBCAC,qa-drc-chart-museum,arn:aws:iam::079704269206:policy/qa-drc-chart-museum,1,v1[0m

circleci-deploy-user,ATTACHED_POLICY,ANPARFDV6UGLCRWWXRVNE,circleci-deploy-policy,arn:aws:iam::079704269206:policy/circleci-deploy-policy,1,v9[0m

circleci_artifacts,ATTACHED_POLICY,ANPAIXSHM2BNB2D3AXXRU,AmazonSSMManagedInstanceCore,arn:aws:iam::aws:policy/AmazonSSMManagedInstanceCore,27,v2[0m
circleci_artifacts,ATTACHED_POLICY,ANPARFDV6UGLO6YBWYR53,prod-artifact,arn:aws:iam::079704269206:policy/prod-artifact,3,v1[0m
circleci_artifacts,ATTACHED_POLICY,ANPARFDV6UGLOAJILBICS,SSM-Restricted-Access,arn:aws:iam::079704269206:policy/SSM-Restricted-Access,1,v3[0m
circleci_artifacts,ATTACHED_POLICY,ANPARFDV6UGLI3YKKBDRN,stg-artifact,arn:aws:iam::079704269206:policy/stg-artifact,4,v3[0m

cjohnson,GROUPS,AGPARFDV6UGLBUFHWUY3H,SageMaker_users,arn:aws:iam::079704269206:group/SageMaker_users[0m
cjohnson,GROUPS,AGPARFDV6UGLDMLIVBD2H,ForceMFAUserGroup,arn:aws:iam::079704269206:group/ForceMFAUserGroup[0m
cjohnson,GROUPS,AGPARFDV6UGLGRRENGNOQ,BaseConsole,arn:aws:iam::079704269206:group/BaseConsole[0m
cjohnson,GROUPS,AGPARFDV6UGLGW4B7DDF4,RedshiftUsers,arn:aws:iam::079704269206:group/RedshiftUsers[0m
cjohnson,GROUPS,AGPARFDV6UGLO5TAMXOUJ,redshift-admins,arn:aws:iam::079704269206:group/redshift-admins[0m
cjohnson,GROUPS,AGPARFDV6UGLOF27TIXRH,quicksight_creator,arn:aws:iam::079704269206:group/quicksight_creator[0m
cjohnson,GROUPS,AGPARFDV6UGLPZQJT6UO7,redshift_scheduler,arn:aws:iam::079704269206:group/redshift_scheduler[0m
cjohnson,GROUP_ATTACHED,ANPAJ4L4MM2A7QIEB56MS,IAMUserChangePassword,arn:aws:iam::aws:policy/IAMUserChangePassword,3,v2[0m
cjohnson,GROUP_ATTACHED,ANPAZKAPJZG4HEDUXFSA3,AWSCloudShellFullAccess,arn:aws:iam::aws:policy/AWSCloudShellFullAccess,1,v1[0m
cjohnson,GROUP_ATTACHED,ANPARFDV6UGLBTC6MLCPA,UserSelfManage,arn:aws:iam::079704269206:policy/UserSelfManage,1,v3[0m
cjohnson,GROUP_ATTACHED,ANPARFDV6UGLCRBVM5NGG,AllowMFAmanagement,arn:aws:iam::079704269206:policy/AllowMFAmanagement,1,v6[0m
cjohnson,GROUP_ATTACHED,ANPARFDV6UGLAGLJUO27N,MFAEnforcementPolicy,arn:aws:iam::079704269206:policy/MFAEnforcementPolicy,1,v1[0m
cjohnson,GROUP_ATTACHED,ANPARFDV6UGLOFIXJL3PB,AWSQuickSightRDSPolicy,arn:aws:iam::079704269206:policy/service-role/AWSQuickSightRDSPolicy,3,v2[0m
cjohnson,GROUP_ATTACHED,ANPARFDV6UGLICMV7QU6K,quicksight_creator,arn:aws:iam::079704269206:policy/quicksight_creator,1,v1[0m
cjohnson,GROUP_ATTACHED,ANPARFDV6UGLOJKPDHSEA,AWSQuickSightIAMPolicy,arn:aws:iam::079704269206:policy/service-role/AWSQuickSightIAMPolicy,3,v2[0m
cjohnson,GROUP_ATTACHED,ANPARFDV6UGLAGXJJTF4K,AWSQuickSightRedshiftPolicy,arn:aws:iam::079704269206:policy/service-role/AWSQuickSightRedshiftPolicy,4,v2[0m
cjohnson,GROUP_ATTACHED,ANPAI3CCUQ4U5WNC5F6B6,AmazonDMSRedshiftS3Role,arn:aws:iam::aws:policy/service-role/AmazonDMSRedshiftS3Role,3,v3[0m
cjohnson,GROUP_ATTACHED,ANPAJFEM6MLSLTW4ZNBW2,AWSQuickSightDescribeRedshift,arn:aws:iam::aws:policy/service-role/AWSQuickSightDescribeRedshift,1,v1[0m
cjohnson,GROUP_ATTACHED,ANPAIGD46KSON64QBSEZM,AmazonRedshiftReadOnlyAccess,arn:aws:iam::aws:policy/AmazonRedshiftReadOnlyAccess,3,v2[0m
cjohnson,GROUP_ATTACHED,ANPAJ4L4MM2A7QIEB56MS,IAMUserChangePassword,arn:aws:iam::aws:policy/IAMUserChangePassword,3,v2[0m
cjohnson,GROUP_ATTACHED,ANPAINVFHHP7CWVHTGBGM,AmazonRedshiftQueryEditor,arn:aws:iam::aws:policy/AmazonRedshiftQueryEditor,2,v4[0m
cjohnson,GROUP_ATTACHED,ANPAZKAPJZG4KIS42XTKF,AmazonMachineLearningRoleforRedshiftDataSourceV2,arn:aws:iam::aws:policy/service-role/AmazonMachineLearningRoleforRedshiftDataSourceV2,1,v1[0m
cjohnson,GROUP_ATTACHED,ANPARFDV6UGLLCU56QO3Z,redshift-serverless-readonly,arn:aws:iam::079704269206:policy/redshift-serverless-readonly,1,v1[0m
cjohnson,GROUP_ATTACHED,ANPAZKAPJZG4BUM4GCASI,AmazonEventBridgeFullAccess,arn:aws:iam::aws:policy/AmazonEventBridgeFullAccess,2,v4[0m
cjohnson,GROUP_ATTACHED,ANPARFDV6UGLEHSRA7DCG,AllowAmazonRedshiftDataFullAccess,arn:aws:iam::079704269206:policy/AllowAmazonRedshiftDataFullAccess,1,v2[0m
cjohnson,GROUP_ATTACHED,ANPAJZ5IWYMXO5QDB4QOG,AmazonSageMakerFullAccess,arn:aws:iam::aws:policy/AmazonSageMakerFullAccess,4,v26[0m
cjohnson,GROUP_INLINE,,allow_write_access_redshift_serverless,,0,[0m
cjohnson,GROUP_INLINE,,allow_write_access_redshift_serverless,,0,[0m

cliestman,GROUPS,AGPARFDV6UGLDMLIVBD2H,ForceMFAUserGroup,arn:aws:iam::079704269206:group/ForceMFAUserGroup[0m
cliestman,GROUPS,AGPARFDV6UGLDWFT66J65,ses_readonly,arn:aws:iam::079704269206:group/ses_readonly[0m
cliestman,GROUPS,AGPARFDV6UGLGRRENGNOQ,BaseConsole,arn:aws:iam::079704269206:group/BaseConsole[0m
cliestman,GROUPS,AGPARFDV6UGLML3BF5EJN,cloudwatch_readonly,arn:aws:iam::079704269206:group/cloudwatch_readonly[0m
cliestman,GROUP_ATTACHED,ANPAJ4L4MM2A7QIEB56MS,IAMUserChangePassword,arn:aws:iam::aws:policy/IAMUserChangePassword,3,v2[0m
cliestman,GROUP_ATTACHED,ANPAZKAPJZG4HEDUXFSA3,AWSCloudShellFullAccess,arn:aws:iam::aws:policy/AWSCloudShellFullAccess,1,v1[0m
cliestman,GROUP_ATTACHED,ANPARFDV6UGLBTC6MLCPA,UserSelfManage,arn:aws:iam::079704269206:policy/UserSelfManage,1,v3[0m
cliestman,GROUP_ATTACHED,ANPARFDV6UGLCRBVM5NGG,AllowMFAmanagement,arn:aws:iam::079704269206:policy/AllowMFAmanagement,1,v6[0m
cliestman,GROUP_ATTACHED,ANPAJN23PDQP7SZQAE3QE,CloudWatchReadOnlyAccess,arn:aws:iam::aws:policy/CloudWatchReadOnlyAccess,4,v9[0m
cliestman,GROUP_ATTACHED,ANPAIILJPXXA6F7GYLYBS,CloudWatchEventsReadOnlyAccess,arn:aws:iam::aws:policy/CloudWatchEventsReadOnlyAccess,1,v3[0m
cliestman,GROUP_ATTACHED,ANPAJ2YIYDYSNNEHK3VKW,CloudWatchLogsReadOnlyAccess,arn:aws:iam::aws:policy/CloudWatchLogsReadOnlyAccess,2,v6[0m
cliestman,GROUP_ATTACHED,ANPAZKAPJZG4AX4TJYLSI,CloudWatchApplicationInsightsReadOnlyAccess,arn:aws:iam::aws:policy/CloudWatchApplicationInsightsReadOnlyAccess,2,v1[0m
cliestman,GROUP_ATTACHED,ANPAZKAPJZG4C7XDT2FFB,CloudWatchSyntheticsReadOnlyAccess,arn:aws:iam::aws:policy/CloudWatchSyntheticsReadOnlyAccess,1,v2[0m
cliestman,GROUP_ATTACHED,ANPARFDV6UGLAGLJUO27N,MFAEnforcementPolicy,arn:aws:iam::079704269206:policy/MFAEnforcementPolicy,1,v1[0m
cliestman,GROUP_ATTACHED,ANPAINV2XPFRMWJJNSCGI,AmazonSESReadOnlyAccess,arn:aws:iam::aws:policy/AmazonSESReadOnlyAccess,1,v2[0m
cliestman,GROUP_ATTACHED,ANPARFDV6UGLNI74FW6SK,cloudwatch_mail_logs_read_only,arn:aws:iam::079704269206:policy/cloudwatch_mail_logs_read_only,1,v4[0m
cliestman,GROUP_INLINE,,SaveCloudwatchInsightsQueries,,0,[0m
cliestman,GROUP_INLINE,,allow-remove-from-suppression-list,,0,[0m
cliestman,GROUP_INLINE,,SaveCloudwatchInsightsQueries,,0,[0m
cliestman,GROUP_INLINE,,allow-remove-from-suppression-list,,0,[0m

cminor,GROUPS,AGPARFDV6UGLGRRENGNOQ,BaseConsole,arn:aws:iam::079704269206:group/BaseConsole[0m
cminor,GROUP_ATTACHED,ANPAJ4L4MM2A7QIEB56MS,IAMUserChangePassword,arn:aws:iam::aws:policy/IAMUserChangePassword,3,v2[0m
cminor,GROUP_ATTACHED,ANPAZKAPJZG4HEDUXFSA3,AWSCloudShellFullAccess,arn:aws:iam::aws:policy/AWSCloudShellFullAccess,1,v1[0m
cminor,GROUP_ATTACHED,ANPARFDV6UGLBTC6MLCPA,UserSelfManage,arn:aws:iam::079704269206:policy/UserSelfManage,1,v3[0m
cminor,GROUP_ATTACHED,ANPARFDV6UGLCRBVM5NGG,AllowMFAmanagement,arn:aws:iam::079704269206:policy/AllowMFAmanagement,1,v6[0m

cpolepeddi,GROUPS,AGPARFDV6UGLDMLIVBD2H,ForceMFAUserGroup,arn:aws:iam::079704269206:group/ForceMFAUserGroup[0m
cpolepeddi,GROUPS,AGPARFDV6UGLGRRENGNOQ,BaseConsole,arn:aws:iam::079704269206:group/BaseConsole[0m
cpolepeddi,GROUPS,AGPARFDV6UGLML3BF5EJN,cloudwatch_readonly,arn:aws:iam::079704269206:group/cloudwatch_readonly[0m
cpolepeddi,GROUP_ATTACHED,ANPAJ4L4MM2A7QIEB56MS,IAMUserChangePassword,arn:aws:iam::aws:policy/IAMUserChangePassword,3,v2[0m
cpolepeddi,GROUP_ATTACHED,ANPAZKAPJZG4HEDUXFSA3,AWSCloudShellFullAccess,arn:aws:iam::aws:policy/AWSCloudShellFullAccess,1,v1[0m
cpolepeddi,GROUP_ATTACHED,ANPARFDV6UGLBTC6MLCPA,UserSelfManage,arn:aws:iam::079704269206:policy/UserSelfManage,1,v3[0m
cpolepeddi,GROUP_ATTACHED,ANPARFDV6UGLCRBVM5NGG,AllowMFAmanagement,arn:aws:iam::079704269206:policy/AllowMFAmanagement,1,v6[0m
cpolepeddi,GROUP_ATTACHED,ANPAJN23PDQP7SZQAE3QE,CloudWatchReadOnlyAccess,arn:aws:iam::aws:policy/CloudWatchReadOnlyAccess,4,v9[0m
cpolepeddi,GROUP_ATTACHED,ANPAIILJPXXA6F7GYLYBS,CloudWatchEventsReadOnlyAccess,arn:aws:iam::aws:policy/CloudWatchEventsReadOnlyAccess,1,v3[0m
cpolepeddi,GROUP_ATTACHED,ANPAJ2YIYDYSNNEHK3VKW,CloudWatchLogsReadOnlyAccess,arn:aws:iam::aws:policy/CloudWatchLogsReadOnlyAccess,2,v6[0m
cpolepeddi,GROUP_ATTACHED,ANPAZKAPJZG4AX4TJYLSI,CloudWatchApplicationInsightsReadOnlyAccess,arn:aws:iam::aws:policy/CloudWatchApplicationInsightsReadOnlyAccess,2,v1[0m
cpolepeddi,GROUP_ATTACHED,ANPAZKAPJZG4C7XDT2FFB,CloudWatchSyntheticsReadOnlyAccess,arn:aws:iam::aws:policy/CloudWatchSyntheticsReadOnlyAccess,1,v2[0m
cpolepeddi,GROUP_ATTACHED,ANPARFDV6UGLAGLJUO27N,MFAEnforcementPolicy,arn:aws:iam::079704269206:policy/MFAEnforcementPolicy,1,v1[0m
cpolepeddi,GROUP_INLINE,,SaveCloudwatchInsightsQueries,,0,[0m
cpolepeddi,GROUP_INLINE,,SaveCloudwatchInsightsQueries,,0,[0m

customer-accounts-suspend-EC,GROUPS,AGPARFDV6UGLDMLIVBD2H,ForceMFAUserGroup,arn:aws:iam::079704269206:group/ForceMFAUserGroup[0m
customer-accounts-suspend-EC,GROUPS,AGPARFDV6UGLGRRENGNOQ,BaseConsole,arn:aws:iam::079704269206:group/BaseConsole[0m
customer-accounts-suspend-EC,ATTACHED_POLICY,ANPARFDV6UGLCTHRKOKJP,custom-EC-suspend-user,arn:aws:iam::079704269206:policy/custom-EC-suspend-user,1,v2[0m
customer-accounts-suspend-EC,GROUP_ATTACHED,ANPAJ4L4MM2A7QIEB56MS,IAMUserChangePassword,arn:aws:iam::aws:policy/IAMUserChangePassword,3,v2[0m
customer-accounts-suspend-EC,GROUP_ATTACHED,ANPAZKAPJZG4HEDUXFSA3,AWSCloudShellFullAccess,arn:aws:iam::aws:policy/AWSCloudShellFullAccess,1,v1[0m
customer-accounts-suspend-EC,GROUP_ATTACHED,ANPARFDV6UGLBTC6MLCPA,UserSelfManage,arn:aws:iam::079704269206:policy/UserSelfManage,1,v3[0m
customer-accounts-suspend-EC,GROUP_ATTACHED,ANPARFDV6UGLCRBVM5NGG,AllowMFAmanagement,arn:aws:iam::079704269206:policy/AllowMFAmanagement,1,v6[0m
customer-accounts-suspend-EC,GROUP_ATTACHED,ANPARFDV6UGLAGLJUO27N,MFAEnforcementPolicy,arn:aws:iam::079704269206:policy/MFAEnforcementPolicy,1,v1[0m

datacoral-drchrono-datacoralC-DatacoralConsoleUser-1BBJ7NO1DSXNT,GROUPS,AGPARFDV6UGLA7ISRBS3Z,datacoral_drchrono_datacoral,arn:aws:iam::079704269206:group/datacoral_drchrono_datacoral[0m
datacoral-drchrono-datacoralC-DatacoralConsoleUser-1BBJ7NO1DSXNT,GROUPS,AGPARFDV6UGLDMLIVBD2H,ForceMFAUserGroup,arn:aws:iam::079704269206:group/ForceMFAUserGroup[0m
datacoral-drchrono-datacoralC-DatacoralConsoleUser-1BBJ7NO1DSXNT,GROUPS,AGPARFDV6UGLGRRENGNOQ,BaseConsole,arn:aws:iam::079704269206:group/BaseConsole[0m
datacoral-drchrono-datacoralC-DatacoralConsoleUser-1BBJ7NO1DSXNT,ATTACHED_POLICY,ANPARFDV6UGLEOV7VWO6D,DatacoraldrchronoConsoleUserMFAAccessPolicy,arn:aws:iam::079704269206:policy/DatacoraldrchronoConsoleUserMFAAccessPolicy,1,v1[0m
datacoral-drchrono-datacoralC-DatacoralConsoleUser-1BBJ7NO1DSXNT,GROUP_ATTACHED,ANPAJ4L4MM2A7QIEB56MS,IAMUserChangePassword,arn:aws:iam::aws:policy/IAMUserChangePassword,3,v2[0m
datacoral-drchrono-datacoralC-DatacoralConsoleUser-1BBJ7NO1DSXNT,GROUP_ATTACHED,ANPAZKAPJZG4HEDUXFSA3,AWSCloudShellFullAccess,arn:aws:iam::aws:policy/AWSCloudShellFullAccess,1,v1[0m
datacoral-drchrono-datacoralC-DatacoralConsoleUser-1BBJ7NO1DSXNT,GROUP_ATTACHED,ANPARFDV6UGLBTC6MLCPA,UserSelfManage,arn:aws:iam::079704269206:policy/UserSelfManage,1,v3[0m
datacoral-drchrono-datacoralC-DatacoralConsoleUser-1BBJ7NO1DSXNT,GROUP_ATTACHED,ANPARFDV6UGLCRBVM5NGG,AllowMFAmanagement,arn:aws:iam::079704269206:policy/AllowMFAmanagement,1,v6[0m
datacoral-drchrono-datacoralC-DatacoralConsoleUser-1BBJ7NO1DSXNT,GROUP_ATTACHED,ANPAILL3HVNFSB6DCOWYQ,ReadOnlyAccess,arn:aws:iam::aws:policy/ReadOnlyAccess,16,v113[0m
datacoral-drchrono-datacoralC-DatacoralConsoleUser-1BBJ7NO1DSXNT,GROUP_ATTACHED,ANPARFDV6UGLN4SV3MQ4A,DatacoralCloudSearchLogs,arn:aws:iam::079704269206:policy/DatacoralCloudSearchLogs,1,v1[0m
datacoral-drchrono-datacoralC-DatacoralConsoleUser-1BBJ7NO1DSXNT,GROUP_ATTACHED,ANPARFDV6UGLGEGNW3BGL,DatacoralCloudTrailPolicy,arn:aws:iam::079704269206:policy/DatacoralCloudTrailPolicy,1,v1[0m
datacoral-drchrono-datacoralC-DatacoralConsoleUser-1BBJ7NO1DSXNT,GROUP_ATTACHED,ANPARFDV6UGLCXUI6EVUF,DatacoralGlueReadOnlyAccess,arn:aws:iam::079704269206:policy/DatacoralGlueReadOnlyAccess,1,v1[0m
datacoral-drchrono-datacoralC-DatacoralConsoleUser-1BBJ7NO1DSXNT,GROUP_ATTACHED,ANPARFDV6UGLHXR7Z4K5V,DatacoralApiGatewayPolicy,arn:aws:iam::079704269206:policy/DatacoralApiGatewayPolicy,1,v1[0m
datacoral-drchrono-datacoralC-DatacoralConsoleUser-1BBJ7NO1DSXNT,GROUP_ATTACHED,ANPARFDV6UGLKIJRWQX6C,DatacoralDenyConsoleAccessPolicy,arn:aws:iam::079704269206:policy/DatacoralDenyConsoleAccessPolicy,1,v1[0m
datacoral-drchrono-datacoralC-DatacoralConsoleUser-1BBJ7NO1DSXNT,GROUP_ATTACHED,ANPARFDV6UGLNXZA3LV5G,DatacoralSupportAccessPolicy,arn:aws:iam::079704269206:policy/DatacoralSupportAccessPolicy,1,v1[0m
datacoral-drchrono-datacoralC-DatacoralConsoleUser-1BBJ7NO1DSXNT,GROUP_ATTACHED,ANPARFDV6UGLAGLJUO27N,MFAEnforcementPolicy,arn:aws:iam::079704269206:policy/MFAEnforcementPolicy,1,v1[0m

[0;31mdsilva,GROUPS,AGPAJXT536PXXDH4WXJQQ,admin,arn:aws:iam::079704269206:group/admin[0m
dsilva,GROUPS,AGPARFDV6UGLDMLIVBD2H,ForceMFAUserGroup,arn:aws:iam::079704269206:group/ForceMFAUserGroup[0m
dsilva,GROUPS,AGPARFDV6UGLETBAGMMD5,Support_Access,arn:aws:iam::079704269206:group/Support_Access[0m
dsilva,GROUP_ATTACHED,ANPARFDV6UGLAGLJUO27N,MFAEnforcementPolicy,arn:aws:iam::079704269206:policy/MFAEnforcementPolicy,1,v1[0m
dsilva,GROUP_ATTACHED,ANPAJSNKQX2OW67GF4S7E,AWSSupportAccess,arn:aws:iam::aws:policy/AWSSupportAccess,5,v1[0m
[0;31mdsilva,GROUP_INLINE,,AdministratorAccess-admin-201501281707,,0,[0m
[0;31mdsilva,GROUP_INLINE,,AdministratorAccess-admin-201501281707,,0,[0m

famaral,GROUPS,AGPARFDV6UGLDMLIVBD2H,ForceMFAUserGroup,arn:aws:iam::079704269206:group/ForceMFAUserGroup[0m
famaral,GROUPS,AGPARFDV6UGLETBAGMMD5,Support_Access,arn:aws:iam::079704269206:group/Support_Access[0m
famaral,GROUPS,AGPARFDV6UGLGRRENGNOQ,BaseConsole,arn:aws:iam::079704269206:group/BaseConsole[0m
famaral,GROUPS,AGPARFDV6UGLML3BF5EJN,cloudwatch_readonly,arn:aws:iam::079704269206:group/cloudwatch_readonly[0m
famaral,GROUP_ATTACHED,ANPAJ4L4MM2A7QIEB56MS,IAMUserChangePassword,arn:aws:iam::aws:policy/IAMUserChangePassword,3,v2[0m
famaral,GROUP_ATTACHED,ANPAZKAPJZG4HEDUXFSA3,AWSCloudShellFullAccess,arn:aws:iam::aws:policy/AWSCloudShellFullAccess,1,v1[0m
famaral,GROUP_ATTACHED,ANPARFDV6UGLBTC6MLCPA,UserSelfManage,arn:aws:iam::079704269206:policy/UserSelfManage,1,v3[0m
famaral,GROUP_ATTACHED,ANPARFDV6UGLCRBVM5NGG,AllowMFAmanagement,arn:aws:iam::079704269206:policy/AllowMFAmanagement,1,v6[0m
famaral,GROUP_ATTACHED,ANPAJN23PDQP7SZQAE3QE,CloudWatchReadOnlyAccess,arn:aws:iam::aws:policy/CloudWatchReadOnlyAccess,4,v9[0m
famaral,GROUP_ATTACHED,ANPAIILJPXXA6F7GYLYBS,CloudWatchEventsReadOnlyAccess,arn:aws:iam::aws:policy/CloudWatchEventsReadOnlyAccess,1,v3[0m
famaral,GROUP_ATTACHED,ANPAJ2YIYDYSNNEHK3VKW,CloudWatchLogsReadOnlyAccess,arn:aws:iam::aws:policy/CloudWatchLogsReadOnlyAccess,2,v6[0m
famaral,GROUP_ATTACHED,ANPAZKAPJZG4AX4TJYLSI,CloudWatchApplicationInsightsReadOnlyAccess,arn:aws:iam::aws:policy/CloudWatchApplicationInsightsReadOnlyAccess,2,v1[0m
famaral,GROUP_ATTACHED,ANPAZKAPJZG4C7XDT2FFB,CloudWatchSyntheticsReadOnlyAccess,arn:aws:iam::aws:policy/CloudWatchSyntheticsReadOnlyAccess,1,v2[0m
famaral,GROUP_ATTACHED,ANPARFDV6UGLAGLJUO27N,MFAEnforcementPolicy,arn:aws:iam::079704269206:policy/MFAEnforcementPolicy,1,v1[0m
famaral,GROUP_ATTACHED,ANPAJSNKQX2OW67GF4S7E,AWSSupportAccess,arn:aws:iam::aws:policy/AWSSupportAccess,5,v1[0m
famaral,GROUP_INLINE,,SaveCloudwatchInsightsQueries,,0,[0m
famaral,GROUP_INLINE,,SaveCloudwatchInsightsQueries,,0,[0m

hugo_blog,GROUPS,AGPARFDV6UGLF2QQCXJGS,BlogDeployment,arn:aws:iam::079704269206:group/BlogDeployment[0m
hugo_blog,GROUP_ATTACHED,ANPARFDV6UGLJS7HHJNDE,BlogDeployment,arn:aws:iam::079704269206:policy/BlogDeployment,1,v3[0m

[0;31mibassi,GROUPS,AGPAJXT536PXXDH4WXJQQ,admin,arn:aws:iam::079704269206:group/admin[0m
ibassi,GROUPS,AGPARFDV6UGLDMLIVBD2H,ForceMFAUserGroup,arn:aws:iam::079704269206:group/ForceMFAUserGroup[0m
ibassi,GROUPS,AGPARFDV6UGLDULNGPBV4,devops-terraform-state-lock,arn:aws:iam::079704269206:group/devops-terraform-state-lock[0m
ibassi,GROUPS,AGPARFDV6UGLETBAGMMD5,Support_Access,arn:aws:iam::079704269206:group/Support_Access[0m
ibassi,ATTACHED_POLICY,ANPAINUGF2JSOSUY76KYA,AmazonDynamoDBFullAccess,arn:aws:iam::aws:policy/AmazonDynamoDBFullAccess,1,v15[0m
ibassi,GROUP_ATTACHED,ANPARFDV6UGLAGLJUO27N,MFAEnforcementPolicy,arn:aws:iam::079704269206:policy/MFAEnforcementPolicy,1,v1[0m
ibassi,GROUP_ATTACHED,ANPAJSNKQX2OW67GF4S7E,AWSSupportAccess,arn:aws:iam::aws:policy/AWSSupportAccess,5,v1[0m
[0;31mibassi,GROUP_INLINE,,AdministratorAccess-admin-201501281707,,0,[0m
ibassi,GROUP_INLINE,,terraform-state-lock,,0,[0m
[0;31mibassi,GROUP_INLINE,,AdministratorAccess-admin-201501281707,,0,[0m
ibassi,GROUP_INLINE,,terraform-state-lock,,0,[0m

jadams,GROUPS,AGPARFDV6UGLDMLIVBD2H,ForceMFAUserGroup,arn:aws:iam::079704269206:group/ForceMFAUserGroup[0m
jadams,GROUPS,AGPARFDV6UGLGRRENGNOQ,BaseConsole,arn:aws:iam::079704269206:group/BaseConsole[0m
jadams,GROUPS,AGPARFDV6UGLML3BF5EJN,cloudwatch_readonly,arn:aws:iam::079704269206:group/cloudwatch_readonly[0m
jadams,GROUPS,AGPARFDV6UGLOCL4LWILL,architecture_services,arn:aws:iam::079704269206:group/architecture_services[0m
jadams,GROUP_ATTACHED,ANPAZKAPJZG4M2AUBSW6R,AmazonRDSPerformanceInsightsReadOnly,arn:aws:iam::aws:policy/AmazonRDSPerformanceInsightsReadOnly,1,v3[0m
jadams,GROUP_ATTACHED,ANPARFDV6UGLL4RGZB42V,LimitedAccessKMSforRDS,arn:aws:iam::079704269206:policy/LimitedAccessKMSforRDS,1,v1[0m
jadams,GROUP_ATTACHED,ANPARFDV6UGLKAHXMTSD6,AthenaElevatedAccessArchitectureGuild,arn:aws:iam::079704269206:policy/AthenaElevatedAccessArchitectureGuild,1,v1[0m
jadams,GROUP_ATTACHED,ANPAJ4L4MM2A7QIEB56MS,IAMUserChangePassword,arn:aws:iam::aws:policy/IAMUserChangePassword,3,v2[0m
jadams,GROUP_ATTACHED,ANPAZKAPJZG4HEDUXFSA3,AWSCloudShellFullAccess,arn:aws:iam::aws:policy/AWSCloudShellFullAccess,1,v1[0m
jadams,GROUP_ATTACHED,ANPARFDV6UGLBTC6MLCPA,UserSelfManage,arn:aws:iam::079704269206:policy/UserSelfManage,1,v3[0m
jadams,GROUP_ATTACHED,ANPARFDV6UGLCRBVM5NGG,AllowMFAmanagement,arn:aws:iam::079704269206:policy/AllowMFAmanagement,1,v6[0m
jadams,GROUP_ATTACHED,ANPAJN23PDQP7SZQAE3QE,CloudWatchReadOnlyAccess,arn:aws:iam::aws:policy/CloudWatchReadOnlyAccess,4,v9[0m
jadams,GROUP_ATTACHED,ANPAIILJPXXA6F7GYLYBS,CloudWatchEventsReadOnlyAccess,arn:aws:iam::aws:policy/CloudWatchEventsReadOnlyAccess,1,v3[0m
jadams,GROUP_ATTACHED,ANPAJ2YIYDYSNNEHK3VKW,CloudWatchLogsReadOnlyAccess,arn:aws:iam::aws:policy/CloudWatchLogsReadOnlyAccess,2,v6[0m
jadams,GROUP_ATTACHED,ANPAZKAPJZG4AX4TJYLSI,CloudWatchApplicationInsightsReadOnlyAccess,arn:aws:iam::aws:policy/CloudWatchApplicationInsightsReadOnlyAccess,2,v1[0m
jadams,GROUP_ATTACHED,ANPAZKAPJZG4C7XDT2FFB,CloudWatchSyntheticsReadOnlyAccess,arn:aws:iam::aws:policy/CloudWatchSyntheticsReadOnlyAccess,1,v2[0m
jadams,GROUP_ATTACHED,ANPARFDV6UGLAGLJUO27N,MFAEnforcementPolicy,arn:aws:iam::079704269206:policy/MFAEnforcementPolicy,1,v1[0m
jadams,GROUP_INLINE,,SaveCloudwatchInsightsQueries,,0,[0m
jadams,GROUP_INLINE,,SaveCloudwatchInsightsQueries,,0,[0m

jbhankharia,GROUPS,AGPARFDV6UGLDMLIVBD2H,ForceMFAUserGroup,arn:aws:iam::079704269206:group/ForceMFAUserGroup[0m
jbhankharia,GROUPS,AGPARFDV6UGLGRRENGNOQ,BaseConsole,arn:aws:iam::079704269206:group/BaseConsole[0m
jbhankharia,GROUPS,AGPARFDV6UGLML3BF5EJN,cloudwatch_readonly,arn:aws:iam::079704269206:group/cloudwatch_readonly[0m
jbhankharia,GROUP_ATTACHED,ANPAJ4L4MM2A7QIEB56MS,IAMUserChangePassword,arn:aws:iam::aws:policy/IAMUserChangePassword,3,v2[0m
jbhankharia,GROUP_ATTACHED,ANPAZKAPJZG4HEDUXFSA3,AWSCloudShellFullAccess,arn:aws:iam::aws:policy/AWSCloudShellFullAccess,1,v1[0m
jbhankharia,GROUP_ATTACHED,ANPARFDV6UGLBTC6MLCPA,UserSelfManage,arn:aws:iam::079704269206:policy/UserSelfManage,1,v3[0m
jbhankharia,GROUP_ATTACHED,ANPARFDV6UGLCRBVM5NGG,AllowMFAmanagement,arn:aws:iam::079704269206:policy/AllowMFAmanagement,1,v6[0m
jbhankharia,GROUP_ATTACHED,ANPAJN23PDQP7SZQAE3QE,CloudWatchReadOnlyAccess,arn:aws:iam::aws:policy/CloudWatchReadOnlyAccess,4,v9[0m
jbhankharia,GROUP_ATTACHED,ANPAIILJPXXA6F7GYLYBS,CloudWatchEventsReadOnlyAccess,arn:aws:iam::aws:policy/CloudWatchEventsReadOnlyAccess,1,v3[0m
jbhankharia,GROUP_ATTACHED,ANPAJ2YIYDYSNNEHK3VKW,CloudWatchLogsReadOnlyAccess,arn:aws:iam::aws:policy/CloudWatchLogsReadOnlyAccess,2,v6[0m
jbhankharia,GROUP_ATTACHED,ANPAZKAPJZG4AX4TJYLSI,CloudWatchApplicationInsightsReadOnlyAccess,arn:aws:iam::aws:policy/CloudWatchApplicationInsightsReadOnlyAccess,2,v1[0m
jbhankharia,GROUP_ATTACHED,ANPAZKAPJZG4C7XDT2FFB,CloudWatchSyntheticsReadOnlyAccess,arn:aws:iam::aws:policy/CloudWatchSyntheticsReadOnlyAccess,1,v2[0m
jbhankharia,GROUP_ATTACHED,ANPARFDV6UGLAGLJUO27N,MFAEnforcementPolicy,arn:aws:iam::079704269206:policy/MFAEnforcementPolicy,1,v1[0m
jbhankharia,GROUP_INLINE,,SaveCloudwatchInsightsQueries,,0,[0m
jbhankharia,GROUP_INLINE,,SaveCloudwatchInsightsQueries,,0,[0m

jbzdawka,GROUPS,AGPARFDV6UGLDMLIVBD2H,ForceMFAUserGroup,arn:aws:iam::079704269206:group/ForceMFAUserGroup[0m
jbzdawka,GROUPS,AGPARFDV6UGLNFPUAGACB,admin-readonly,arn:aws:iam::079704269206:group/admin-readonly[0m
jbzdawka,GROUP_ATTACHED,ANPAILL3HVNFSB6DCOWYQ,ReadOnlyAccess,arn:aws:iam::aws:policy/ReadOnlyAccess,16,v113[0m
jbzdawka,GROUP_ATTACHED,ANPARFDV6UGLAGLJUO27N,MFAEnforcementPolicy,arn:aws:iam::079704269206:policy/MFAEnforcementPolicy,1,v1[0m

jerryyi,GROUPS,AGPAJW4WBBCI6QRKPXJ2Y,Marketing-Consultant,arn:aws:iam::079704269206:group/Marketing-Consultant[0m
jerryyi,GROUPS,AGPARFDV6UGLDMLIVBD2H,ForceMFAUserGroup,arn:aws:iam::079704269206:group/ForceMFAUserGroup[0m
jerryyi,GROUPS,AGPARFDV6UGLEEBX7YLAE,data_team,arn:aws:iam::079704269206:group/data_team[0m
jerryyi,GROUPS,AGPARFDV6UGLETBAGMMD5,Support_Access,arn:aws:iam::079704269206:group/Support_Access[0m
jerryyi,GROUPS,AGPARFDV6UGLGRRENGNOQ,BaseConsole,arn:aws:iam::079704269206:group/BaseConsole[0m
jerryyi,GROUP_ATTACHED,ANPAJ4L4MM2A7QIEB56MS,IAMUserChangePassword,arn:aws:iam::aws:policy/IAMUserChangePassword,3,v2[0m
jerryyi,GROUP_ATTACHED,ANPAZKAPJZG4HEDUXFSA3,AWSCloudShellFullAccess,arn:aws:iam::aws:policy/AWSCloudShellFullAccess,1,v1[0m
jerryyi,GROUP_ATTACHED,ANPARFDV6UGLBTC6MLCPA,UserSelfManage,arn:aws:iam::079704269206:policy/UserSelfManage,1,v3[0m
jerryyi,GROUP_ATTACHED,ANPARFDV6UGLCRBVM5NGG,AllowMFAmanagement,arn:aws:iam::079704269206:policy/AllowMFAmanagement,1,v6[0m
jerryyi,GROUP_ATTACHED,ANPARFDV6UGLBOSBMOKQG,data_team_s3_access,arn:aws:iam::079704269206:policy/data_team_s3_access,1,v25[0m
jerryyi,GROUP_ATTACHED,ANPARFDV6UGLAGLJUO27N,MFAEnforcementPolicy,arn:aws:iam::079704269206:policy/MFAEnforcementPolicy,1,v1[0m
jerryyi,GROUP_ATTACHED,ANPAI3CCUQ4U5WNC5F6B6,AmazonDMSRedshiftS3Role,arn:aws:iam::aws:policy/service-role/AmazonDMSRedshiftS3Role,3,v3[0m
jerryyi,GROUP_ATTACHED,ANPAISEKCHH4YDB46B5ZO,AmazonRedshiftFullAccess,arn:aws:iam::aws:policy/AmazonRedshiftFullAccess,1,v5[0m
jerryyi,GROUP_ATTACHED,ANPAJ3Z5I2WAJE5DN2J36,AmazonEC2RoleforDataPipelineRole,arn:aws:iam::aws:policy/service-role/AmazonEC2RoleforDataPipelineRole,1,v3[0m
jerryyi,GROUP_ATTACHED,ANPAI3VAJF5ZCRZ7MCQE6,AmazonEC2FullAccess,arn:aws:iam::aws:policy/AmazonEC2FullAccess,4,v5[0m
jerryyi,GROUP_ATTACHED,ANPAIPDACSNQHSENWAKM2,AmazonElastiCacheReadOnlyAccess,arn:aws:iam::aws:policy/AmazonElastiCacheReadOnlyAccess,1,v1[0m
jerryyi,GROUP_ATTACHED,ANPAJBWPGNOVKZD3JI2P2,AmazonVPCFullAccess,arn:aws:iam::aws:policy/AmazonVPCFullAccess,1,v10[0m
jerryyi,GROUP_ATTACHED,ANPAJSNKQX2OW67GF4S7E,AWSSupportAccess,arn:aws:iam::aws:policy/AWSSupportAccess,5,v1[0m
jerryyi,GROUP_INLINE,,drchrono-marketing-s3-access,,0,[0m
jerryyi,GROUP_INLINE,,drchrono-marketing-s3-access,,0,[0m

jfernandez,GROUPS,AGPARFDV6UGLDMLIVBD2H,ForceMFAUserGroup,arn:aws:iam::079704269206:group/ForceMFAUserGroup[0m
jfernandez,GROUPS,AGPARFDV6UGLDWFT66J65,ses_readonly,arn:aws:iam::079704269206:group/ses_readonly[0m
jfernandez,GROUPS,AGPARFDV6UGLGRRENGNOQ,BaseConsole,arn:aws:iam::079704269206:group/BaseConsole[0m
jfernandez,GROUPS,AGPARFDV6UGLML3BF5EJN,cloudwatch_readonly,arn:aws:iam::079704269206:group/cloudwatch_readonly[0m
jfernandez,GROUP_ATTACHED,ANPAJ4L4MM2A7QIEB56MS,IAMUserChangePassword,arn:aws:iam::aws:policy/IAMUserChangePassword,3,v2[0m
jfernandez,GROUP_ATTACHED,ANPAZKAPJZG4HEDUXFSA3,AWSCloudShellFullAccess,arn:aws:iam::aws:policy/AWSCloudShellFullAccess,1,v1[0m
jfernandez,GROUP_ATTACHED,ANPARFDV6UGLBTC6MLCPA,UserSelfManage,arn:aws:iam::079704269206:policy/UserSelfManage,1,v3[0m
jfernandez,GROUP_ATTACHED,ANPARFDV6UGLCRBVM5NGG,AllowMFAmanagement,arn:aws:iam::079704269206:policy/AllowMFAmanagement,1,v6[0m
jfernandez,GROUP_ATTACHED,ANPAJN23PDQP7SZQAE3QE,CloudWatchReadOnlyAccess,arn:aws:iam::aws:policy/CloudWatchReadOnlyAccess,4,v9[0m
jfernandez,GROUP_ATTACHED,ANPAIILJPXXA6F7GYLYBS,CloudWatchEventsReadOnlyAccess,arn:aws:iam::aws:policy/CloudWatchEventsReadOnlyAccess,1,v3[0m
jfernandez,GROUP_ATTACHED,ANPAJ2YIYDYSNNEHK3VKW,CloudWatchLogsReadOnlyAccess,arn:aws:iam::aws:policy/CloudWatchLogsReadOnlyAccess,2,v6[0m
jfernandez,GROUP_ATTACHED,ANPAZKAPJZG4AX4TJYLSI,CloudWatchApplicationInsightsReadOnlyAccess,arn:aws:iam::aws:policy/CloudWatchApplicationInsightsReadOnlyAccess,2,v1[0m
jfernandez,GROUP_ATTACHED,ANPAZKAPJZG4C7XDT2FFB,CloudWatchSyntheticsReadOnlyAccess,arn:aws:iam::aws:policy/CloudWatchSyntheticsReadOnlyAccess,1,v2[0m
jfernandez,GROUP_ATTACHED,ANPARFDV6UGLAGLJUO27N,MFAEnforcementPolicy,arn:aws:iam::079704269206:policy/MFAEnforcementPolicy,1,v1[0m
jfernandez,GROUP_ATTACHED,ANPAINV2XPFRMWJJNSCGI,AmazonSESReadOnlyAccess,arn:aws:iam::aws:policy/AmazonSESReadOnlyAccess,1,v2[0m
jfernandez,GROUP_ATTACHED,ANPARFDV6UGLNI74FW6SK,cloudwatch_mail_logs_read_only,arn:aws:iam::079704269206:policy/cloudwatch_mail_logs_read_only,1,v4[0m
jfernandez,GROUP_INLINE,,SaveCloudwatchInsightsQueries,,0,[0m
jfernandez,GROUP_INLINE,,allow-remove-from-suppression-list,,0,[0m
jfernandez,GROUP_INLINE,,SaveCloudwatchInsightsQueries,,0,[0m
jfernandez,GROUP_INLINE,,allow-remove-from-suppression-list,,0,[0m

jpueyo,GROUPS,AGPARFDV6UGLDMLIVBD2H,ForceMFAUserGroup,arn:aws:iam::079704269206:group/ForceMFAUserGroup[0m
jpueyo,GROUPS,AGPARFDV6UGLDWFT66J65,ses_readonly,arn:aws:iam::079704269206:group/ses_readonly[0m
jpueyo,GROUPS,AGPARFDV6UGLETBAGMMD5,Support_Access,arn:aws:iam::079704269206:group/Support_Access[0m
jpueyo,GROUPS,AGPARFDV6UGLGRRENGNOQ,BaseConsole,arn:aws:iam::079704269206:group/BaseConsole[0m
jpueyo,GROUPS,AGPARFDV6UGLML3BF5EJN,cloudwatch_readonly,arn:aws:iam::079704269206:group/cloudwatch_readonly[0m
jpueyo,GROUP_ATTACHED,ANPAJ4L4MM2A7QIEB56MS,IAMUserChangePassword,arn:aws:iam::aws:policy/IAMUserChangePassword,3,v2[0m
jpueyo,GROUP_ATTACHED,ANPAZKAPJZG4HEDUXFSA3,AWSCloudShellFullAccess,arn:aws:iam::aws:policy/AWSCloudShellFullAccess,1,v1[0m
jpueyo,GROUP_ATTACHED,ANPARFDV6UGLBTC6MLCPA,UserSelfManage,arn:aws:iam::079704269206:policy/UserSelfManage,1,v3[0m
jpueyo,GROUP_ATTACHED,ANPARFDV6UGLCRBVM5NGG,AllowMFAmanagement,arn:aws:iam::079704269206:policy/AllowMFAmanagement,1,v6[0m
jpueyo,GROUP_ATTACHED,ANPAJN23PDQP7SZQAE3QE,CloudWatchReadOnlyAccess,arn:aws:iam::aws:policy/CloudWatchReadOnlyAccess,4,v9[0m
jpueyo,GROUP_ATTACHED,ANPAIILJPXXA6F7GYLYBS,CloudWatchEventsReadOnlyAccess,arn:aws:iam::aws:policy/CloudWatchEventsReadOnlyAccess,1,v3[0m
jpueyo,GROUP_ATTACHED,ANPAJ2YIYDYSNNEHK3VKW,CloudWatchLogsReadOnlyAccess,arn:aws:iam::aws:policy/CloudWatchLogsReadOnlyAccess,2,v6[0m
jpueyo,GROUP_ATTACHED,ANPAZKAPJZG4AX4TJYLSI,CloudWatchApplicationInsightsReadOnlyAccess,arn:aws:iam::aws:policy/CloudWatchApplicationInsightsReadOnlyAccess,2,v1[0m
jpueyo,GROUP_ATTACHED,ANPAZKAPJZG4C7XDT2FFB,CloudWatchSyntheticsReadOnlyAccess,arn:aws:iam::aws:policy/CloudWatchSyntheticsReadOnlyAccess,1,v2[0m
jpueyo,GROUP_ATTACHED,ANPARFDV6UGLAGLJUO27N,MFAEnforcementPolicy,arn:aws:iam::079704269206:policy/MFAEnforcementPolicy,1,v1[0m
jpueyo,GROUP_ATTACHED,ANPAINV2XPFRMWJJNSCGI,AmazonSESReadOnlyAccess,arn:aws:iam::aws:policy/AmazonSESReadOnlyAccess,1,v2[0m
jpueyo,GROUP_ATTACHED,ANPARFDV6UGLNI74FW6SK,cloudwatch_mail_logs_read_only,arn:aws:iam::079704269206:policy/cloudwatch_mail_logs_read_only,1,v4[0m
jpueyo,GROUP_ATTACHED,ANPAJSNKQX2OW67GF4S7E,AWSSupportAccess,arn:aws:iam::aws:policy/AWSSupportAccess,5,v1[0m
jpueyo,GROUP_INLINE,,SaveCloudwatchInsightsQueries,,0,[0m
jpueyo,GROUP_INLINE,,allow-remove-from-suppression-list,,0,[0m
jpueyo,GROUP_INLINE,,SaveCloudwatchInsightsQueries,,0,[0m
jpueyo,GROUP_INLINE,,allow-remove-from-suppression-list,,0,[0m

kchugh,GROUPS,AGPARFDV6UGLGRRENGNOQ,BaseConsole,arn:aws:iam::079704269206:group/BaseConsole[0m
kchugh,GROUPS,AGPARFDV6UGLML3BF5EJN,cloudwatch_readonly,arn:aws:iam::079704269206:group/cloudwatch_readonly[0m
kchugh,GROUP_ATTACHED,ANPAJ4L4MM2A7QIEB56MS,IAMUserChangePassword,arn:aws:iam::aws:policy/IAMUserChangePassword,3,v2[0m
kchugh,GROUP_ATTACHED,ANPAZKAPJZG4HEDUXFSA3,AWSCloudShellFullAccess,arn:aws:iam::aws:policy/AWSCloudShellFullAccess,1,v1[0m
kchugh,GROUP_ATTACHED,ANPARFDV6UGLBTC6MLCPA,UserSelfManage,arn:aws:iam::079704269206:policy/UserSelfManage,1,v3[0m
kchugh,GROUP_ATTACHED,ANPARFDV6UGLCRBVM5NGG,AllowMFAmanagement,arn:aws:iam::079704269206:policy/AllowMFAmanagement,1,v6[0m
kchugh,GROUP_ATTACHED,ANPAJN23PDQP7SZQAE3QE,CloudWatchReadOnlyAccess,arn:aws:iam::aws:policy/CloudWatchReadOnlyAccess,4,v9[0m
kchugh,GROUP_ATTACHED,ANPAIILJPXXA6F7GYLYBS,CloudWatchEventsReadOnlyAccess,arn:aws:iam::aws:policy/CloudWatchEventsReadOnlyAccess,1,v3[0m
kchugh,GROUP_ATTACHED,ANPAJ2YIYDYSNNEHK3VKW,CloudWatchLogsReadOnlyAccess,arn:aws:iam::aws:policy/CloudWatchLogsReadOnlyAccess,2,v6[0m
kchugh,GROUP_ATTACHED,ANPAZKAPJZG4AX4TJYLSI,CloudWatchApplicationInsightsReadOnlyAccess,arn:aws:iam::aws:policy/CloudWatchApplicationInsightsReadOnlyAccess,2,v1[0m
kchugh,GROUP_ATTACHED,ANPAZKAPJZG4C7XDT2FFB,CloudWatchSyntheticsReadOnlyAccess,arn:aws:iam::aws:policy/CloudWatchSyntheticsReadOnlyAccess,1,v2[0m
kchugh,GROUP_INLINE,,SaveCloudwatchInsightsQueries,,0,[0m
kchugh,GROUP_INLINE,,SaveCloudwatchInsightsQueries,,0,[0m

kdavies,ATTACHED_POLICY,ANPAJN23PDQP7SZQAE3QE,CloudWatchReadOnlyAccess,arn:aws:iam::aws:policy/CloudWatchReadOnlyAccess,4,v9[0m

kfreudenreich,ATTACHED_POLICY,ANPAJN23PDQP7SZQAE3QE,CloudWatchReadOnlyAccess,arn:aws:iam::aws:policy/CloudWatchReadOnlyAccess,4,v9[0m

kgosen,GROUPS,AGPARFDV6UGLDMLIVBD2H,ForceMFAUserGroup,arn:aws:iam::079704269206:group/ForceMFAUserGroup[0m
kgosen,GROUPS,AGPARFDV6UGLGRRENGNOQ,BaseConsole,arn:aws:iam::079704269206:group/BaseConsole[0m
kgosen,GROUPS,AGPARFDV6UGLML3BF5EJN,cloudwatch_readonly,arn:aws:iam::079704269206:group/cloudwatch_readonly[0m
kgosen,GROUP_ATTACHED,ANPAJ4L4MM2A7QIEB56MS,IAMUserChangePassword,arn:aws:iam::aws:policy/IAMUserChangePassword,3,v2[0m
kgosen,GROUP_ATTACHED,ANPAZKAPJZG4HEDUXFSA3,AWSCloudShellFullAccess,arn:aws:iam::aws:policy/AWSCloudShellFullAccess,1,v1[0m
kgosen,GROUP_ATTACHED,ANPARFDV6UGLBTC6MLCPA,UserSelfManage,arn:aws:iam::079704269206:policy/UserSelfManage,1,v3[0m
kgosen,GROUP_ATTACHED,ANPARFDV6UGLCRBVM5NGG,AllowMFAmanagement,arn:aws:iam::079704269206:policy/AllowMFAmanagement,1,v6[0m
kgosen,GROUP_ATTACHED,ANPAJN23PDQP7SZQAE3QE,CloudWatchReadOnlyAccess,arn:aws:iam::aws:policy/CloudWatchReadOnlyAccess,4,v9[0m
kgosen,GROUP_ATTACHED,ANPAIILJPXXA6F7GYLYBS,CloudWatchEventsReadOnlyAccess,arn:aws:iam::aws:policy/CloudWatchEventsReadOnlyAccess,1,v3[0m
kgosen,GROUP_ATTACHED,ANPAJ2YIYDYSNNEHK3VKW,CloudWatchLogsReadOnlyAccess,arn:aws:iam::aws:policy/CloudWatchLogsReadOnlyAccess,2,v6[0m
kgosen,GROUP_ATTACHED,ANPAZKAPJZG4AX4TJYLSI,CloudWatchApplicationInsightsReadOnlyAccess,arn:aws:iam::aws:policy/CloudWatchApplicationInsightsReadOnlyAccess,2,v1[0m
kgosen,GROUP_ATTACHED,ANPAZKAPJZG4C7XDT2FFB,CloudWatchSyntheticsReadOnlyAccess,arn:aws:iam::aws:policy/CloudWatchSyntheticsReadOnlyAccess,1,v2[0m
kgosen,GROUP_ATTACHED,ANPARFDV6UGLAGLJUO27N,MFAEnforcementPolicy,arn:aws:iam::079704269206:policy/MFAEnforcementPolicy,1,v1[0m
kgosen,GROUP_INLINE,,SaveCloudwatchInsightsQueries,,0,[0m
kgosen,GROUP_INLINE,,SaveCloudwatchInsightsQueries,,0,[0m

kwei,GROUPS,AGPARFDV6UGLDMLIVBD2H,ForceMFAUserGroup,arn:aws:iam::079704269206:group/ForceMFAUserGroup[0m
kwei,GROUPS,AGPARFDV6UGLGRRENGNOQ,BaseConsole,arn:aws:iam::079704269206:group/BaseConsole[0m
kwei,GROUPS,AGPARFDV6UGLML3BF5EJN,cloudwatch_readonly,arn:aws:iam::079704269206:group/cloudwatch_readonly[0m
kwei,GROUP_ATTACHED,ANPAJ4L4MM2A7QIEB56MS,IAMUserChangePassword,arn:aws:iam::aws:policy/IAMUserChangePassword,3,v2[0m
kwei,GROUP_ATTACHED,ANPAZKAPJZG4HEDUXFSA3,AWSCloudShellFullAccess,arn:aws:iam::aws:policy/AWSCloudShellFullAccess,1,v1[0m
kwei,GROUP_ATTACHED,ANPARFDV6UGLBTC6MLCPA,UserSelfManage,arn:aws:iam::079704269206:policy/UserSelfManage,1,v3[0m
kwei,GROUP_ATTACHED,ANPARFDV6UGLCRBVM5NGG,AllowMFAmanagement,arn:aws:iam::079704269206:policy/AllowMFAmanagement,1,v6[0m
kwei,GROUP_ATTACHED,ANPAJN23PDQP7SZQAE3QE,CloudWatchReadOnlyAccess,arn:aws:iam::aws:policy/CloudWatchReadOnlyAccess,4,v9[0m
kwei,GROUP_ATTACHED,ANPAIILJPXXA6F7GYLYBS,CloudWatchEventsReadOnlyAccess,arn:aws:iam::aws:policy/CloudWatchEventsReadOnlyAccess,1,v3[0m
kwei,GROUP_ATTACHED,ANPAJ2YIYDYSNNEHK3VKW,CloudWatchLogsReadOnlyAccess,arn:aws:iam::aws:policy/CloudWatchLogsReadOnlyAccess,2,v6[0m
kwei,GROUP_ATTACHED,ANPAZKAPJZG4AX4TJYLSI,CloudWatchApplicationInsightsReadOnlyAccess,arn:aws:iam::aws:policy/CloudWatchApplicationInsightsReadOnlyAccess,2,v1[0m
kwei,GROUP_ATTACHED,ANPAZKAPJZG4C7XDT2FFB,CloudWatchSyntheticsReadOnlyAccess,arn:aws:iam::aws:policy/CloudWatchSyntheticsReadOnlyAccess,1,v2[0m
kwei,GROUP_ATTACHED,ANPARFDV6UGLAGLJUO27N,MFAEnforcementPolicy,arn:aws:iam::079704269206:policy/MFAEnforcementPolicy,1,v1[0m
kwei,GROUP_INLINE,,SaveCloudwatchInsightsQueries,,0,[0m
kwei,GROUP_INLINE,,SaveCloudwatchInsightsQueries,,0,[0m

letsencrypt,ATTACHED_POLICY,ANPARFDV6UGLGCHSSOEKV,letsencrypt,arn:aws:iam::079704269206:policy/letsencrypt,1,v3[0m

marketplace-upload,GROUPS,AGPARFDV6UGLN2BAZBETL,marketplace-uploads,arn:aws:iam::079704269206:group/marketplace-uploads[0m
marketplace-upload,GROUP_ATTACHED,ANPARFDV6UGLHBK2V5JPX,drchrono-marketplace-s3-upload,arn:aws:iam::079704269206:policy/drchrono-marketplace-s3-upload,1,v3[0m

mcarlson,GROUPS,AGPARFDV6UGLDMLIVBD2H,ForceMFAUserGroup,arn:aws:iam::079704269206:group/ForceMFAUserGroup[0m
mcarlson,GROUPS,AGPARFDV6UGLNFPUAGACB,admin-readonly,arn:aws:iam::079704269206:group/admin-readonly[0m
mcarlson,GROUP_ATTACHED,ANPAILL3HVNFSB6DCOWYQ,ReadOnlyAccess,arn:aws:iam::aws:policy/ReadOnlyAccess,16,v113[0m
mcarlson,GROUP_ATTACHED,ANPARFDV6UGLAGLJUO27N,MFAEnforcementPolicy,arn:aws:iam::079704269206:policy/MFAEnforcementPolicy,1,v1[0m

mgraves,GROUPS,AGPARFDV6UGLDMLIVBD2H,ForceMFAUserGroup,arn:aws:iam::079704269206:group/ForceMFAUserGroup[0m
mgraves,GROUPS,AGPARFDV6UGLGRRENGNOQ,BaseConsole,arn:aws:iam::079704269206:group/BaseConsole[0m
mgraves,GROUPS,AGPARFDV6UGLML3BF5EJN,cloudwatch_readonly,arn:aws:iam::079704269206:group/cloudwatch_readonly[0m
mgraves,GROUP_ATTACHED,ANPAJ4L4MM2A7QIEB56MS,IAMUserChangePassword,arn:aws:iam::aws:policy/IAMUserChangePassword,3,v2[0m
mgraves,GROUP_ATTACHED,ANPAZKAPJZG4HEDUXFSA3,AWSCloudShellFullAccess,arn:aws:iam::aws:policy/AWSCloudShellFullAccess,1,v1[0m
mgraves,GROUP_ATTACHED,ANPARFDV6UGLBTC6MLCPA,UserSelfManage,arn:aws:iam::079704269206:policy/UserSelfManage,1,v3[0m
mgraves,GROUP_ATTACHED,ANPARFDV6UGLCRBVM5NGG,AllowMFAmanagement,arn:aws:iam::079704269206:policy/AllowMFAmanagement,1,v6[0m
mgraves,GROUP_ATTACHED,ANPAJN23PDQP7SZQAE3QE,CloudWatchReadOnlyAccess,arn:aws:iam::aws:policy/CloudWatchReadOnlyAccess,4,v9[0m
mgraves,GROUP_ATTACHED,ANPAIILJPXXA6F7GYLYBS,CloudWatchEventsReadOnlyAccess,arn:aws:iam::aws:policy/CloudWatchEventsReadOnlyAccess,1,v3[0m
mgraves,GROUP_ATTACHED,ANPAJ2YIYDYSNNEHK3VKW,CloudWatchLogsReadOnlyAccess,arn:aws:iam::aws:policy/CloudWatchLogsReadOnlyAccess,2,v6[0m
mgraves,GROUP_ATTACHED,ANPAZKAPJZG4AX4TJYLSI,CloudWatchApplicationInsightsReadOnlyAccess,arn:aws:iam::aws:policy/CloudWatchApplicationInsightsReadOnlyAccess,2,v1[0m
mgraves,GROUP_ATTACHED,ANPAZKAPJZG4C7XDT2FFB,CloudWatchSyntheticsReadOnlyAccess,arn:aws:iam::aws:policy/CloudWatchSyntheticsReadOnlyAccess,1,v2[0m
mgraves,GROUP_ATTACHED,ANPARFDV6UGLAGLJUO27N,MFAEnforcementPolicy,arn:aws:iam::079704269206:policy/MFAEnforcementPolicy,1,v1[0m
mgraves,GROUP_INLINE,,SaveCloudwatchInsightsQueries,,0,[0m
mgraves,GROUP_INLINE,,SaveCloudwatchInsightsQueries,,0,[0m

mharris,GROUPS,AGPARFDV6UGLDMLIVBD2H,ForceMFAUserGroup,arn:aws:iam::079704269206:group/ForceMFAUserGroup[0m
mharris,GROUPS,AGPARFDV6UGLNFPUAGACB,admin-readonly,arn:aws:iam::079704269206:group/admin-readonly[0m
mharris,GROUPS,AGPARFDV6UGLOCL4LWILL,architecture_services,arn:aws:iam::079704269206:group/architecture_services[0m
mharris,GROUP_ATTACHED,ANPAILL3HVNFSB6DCOWYQ,ReadOnlyAccess,arn:aws:iam::aws:policy/ReadOnlyAccess,16,v113[0m
mharris,GROUP_ATTACHED,ANPAZKAPJZG4M2AUBSW6R,AmazonRDSPerformanceInsightsReadOnly,arn:aws:iam::aws:policy/AmazonRDSPerformanceInsightsReadOnly,1,v3[0m
mharris,GROUP_ATTACHED,ANPARFDV6UGLL4RGZB42V,LimitedAccessKMSforRDS,arn:aws:iam::079704269206:policy/LimitedAccessKMSforRDS,1,v1[0m
mharris,GROUP_ATTACHED,ANPARFDV6UGLKAHXMTSD6,AthenaElevatedAccessArchitectureGuild,arn:aws:iam::079704269206:policy/AthenaElevatedAccessArchitectureGuild,1,v1[0m
mharris,GROUP_ATTACHED,ANPARFDV6UGLAGLJUO27N,MFAEnforcementPolicy,arn:aws:iam::079704269206:policy/MFAEnforcementPolicy,1,v1[0m

mleung,GROUPS,AGPARFDV6UGLDMLIVBD2H,ForceMFAUserGroup,arn:aws:iam::079704269206:group/ForceMFAUserGroup[0m
mleung,GROUPS,AGPARFDV6UGLEEBX7YLAE,data_team,arn:aws:iam::079704269206:group/data_team[0m
mleung,GROUPS,AGPARFDV6UGLETBAGMMD5,Support_Access,arn:aws:iam::079704269206:group/Support_Access[0m
mleung,GROUPS,AGPARFDV6UGLGRRENGNOQ,BaseConsole,arn:aws:iam::079704269206:group/BaseConsole[0m
mleung,GROUPS,AGPARFDV6UGLML3BF5EJN,cloudwatch_readonly,arn:aws:iam::079704269206:group/cloudwatch_readonly[0m
mleung,ATTACHED_POLICY,ANPARFDV6UGLAMAMMW4Z7,s3_data_marketing,arn:aws:iam::079704269206:policy/s3_data_marketing,2,v4[0m
mleung,GROUP_ATTACHED,ANPAJ4L4MM2A7QIEB56MS,IAMUserChangePassword,arn:aws:iam::aws:policy/IAMUserChangePassword,3,v2[0m
mleung,GROUP_ATTACHED,ANPAZKAPJZG4HEDUXFSA3,AWSCloudShellFullAccess,arn:aws:iam::aws:policy/AWSCloudShellFullAccess,1,v1[0m
mleung,GROUP_ATTACHED,ANPARFDV6UGLBTC6MLCPA,UserSelfManage,arn:aws:iam::079704269206:policy/UserSelfManage,1,v3[0m
mleung,GROUP_ATTACHED,ANPARFDV6UGLCRBVM5NGG,AllowMFAmanagement,arn:aws:iam::079704269206:policy/AllowMFAmanagement,1,v6[0m
mleung,GROUP_ATTACHED,ANPAJN23PDQP7SZQAE3QE,CloudWatchReadOnlyAccess,arn:aws:iam::aws:policy/CloudWatchReadOnlyAccess,4,v9[0m
mleung,GROUP_ATTACHED,ANPAIILJPXXA6F7GYLYBS,CloudWatchEventsReadOnlyAccess,arn:aws:iam::aws:policy/CloudWatchEventsReadOnlyAccess,1,v3[0m
mleung,GROUP_ATTACHED,ANPAJ2YIYDYSNNEHK3VKW,CloudWatchLogsReadOnlyAccess,arn:aws:iam::aws:policy/CloudWatchLogsReadOnlyAccess,2,v6[0m
mleung,GROUP_ATTACHED,ANPAZKAPJZG4AX4TJYLSI,CloudWatchApplicationInsightsReadOnlyAccess,arn:aws:iam::aws:policy/CloudWatchApplicationInsightsReadOnlyAccess,2,v1[0m
mleung,GROUP_ATTACHED,ANPAZKAPJZG4C7XDT2FFB,CloudWatchSyntheticsReadOnlyAccess,arn:aws:iam::aws:policy/CloudWatchSyntheticsReadOnlyAccess,1,v2[0m
mleung,GROUP_ATTACHED,ANPARFDV6UGLBOSBMOKQG,data_team_s3_access,arn:aws:iam::079704269206:policy/data_team_s3_access,1,v25[0m
mleung,GROUP_ATTACHED,ANPARFDV6UGLAGLJUO27N,MFAEnforcementPolicy,arn:aws:iam::079704269206:policy/MFAEnforcementPolicy,1,v1[0m
mleung,GROUP_ATTACHED,ANPAJSNKQX2OW67GF4S7E,AWSSupportAccess,arn:aws:iam::aws:policy/AWSSupportAccess,5,v1[0m
mleung,GROUP_INLINE,,SaveCloudwatchInsightsQueries,,0,[0m
mleung,GROUP_INLINE,,SaveCloudwatchInsightsQueries,,0,[0m

[0;31mmlimachi,GROUPS,AGPAJXT536PXXDH4WXJQQ,admin,arn:aws:iam::079704269206:group/admin[0m
mlimachi,GROUPS,AGPARFDV6UGLDMLIVBD2H,ForceMFAUserGroup,arn:aws:iam::079704269206:group/ForceMFAUserGroup[0m
mlimachi,GROUPS,AGPARFDV6UGLETBAGMMD5,Support_Access,arn:aws:iam::079704269206:group/Support_Access[0m
mlimachi,GROUPS,AGPARFDV6UGLGW4B7DDF4,RedshiftUsers,arn:aws:iam::079704269206:group/RedshiftUsers[0m
mlimachi,GROUPS,AGPARFDV6UGLPZQJT6UO7,redshift_scheduler,arn:aws:iam::079704269206:group/redshift_scheduler[0m
mlimachi,GROUP_ATTACHED,ANPARFDV6UGLAGLJUO27N,MFAEnforcementPolicy,arn:aws:iam::079704269206:policy/MFAEnforcementPolicy,1,v1[0m
mlimachi,GROUP_ATTACHED,ANPAI3CCUQ4U5WNC5F6B6,AmazonDMSRedshiftS3Role,arn:aws:iam::aws:policy/service-role/AmazonDMSRedshiftS3Role,3,v3[0m
mlimachi,GROUP_ATTACHED,ANPAJFEM6MLSLTW4ZNBW2,AWSQuickSightDescribeRedshift,arn:aws:iam::aws:policy/service-role/AWSQuickSightDescribeRedshift,1,v1[0m
mlimachi,GROUP_ATTACHED,ANPAIGD46KSON64QBSEZM,AmazonRedshiftReadOnlyAccess,arn:aws:iam::aws:policy/AmazonRedshiftReadOnlyAccess,3,v2[0m
mlimachi,GROUP_ATTACHED,ANPAJ4L4MM2A7QIEB56MS,IAMUserChangePassword,arn:aws:iam::aws:policy/IAMUserChangePassword,3,v2[0m
mlimachi,GROUP_ATTACHED,ANPAINVFHHP7CWVHTGBGM,AmazonRedshiftQueryEditor,arn:aws:iam::aws:policy/AmazonRedshiftQueryEditor,2,v4[0m
mlimachi,GROUP_ATTACHED,ANPAZKAPJZG4KIS42XTKF,AmazonMachineLearningRoleforRedshiftDataSourceV2,arn:aws:iam::aws:policy/service-role/AmazonMachineLearningRoleforRedshiftDataSourceV2,1,v1[0m
mlimachi,GROUP_ATTACHED,ANPARFDV6UGLLCU56QO3Z,redshift-serverless-readonly,arn:aws:iam::079704269206:policy/redshift-serverless-readonly,1,v1[0m
mlimachi,GROUP_ATTACHED,ANPAZKAPJZG4BUM4GCASI,AmazonEventBridgeFullAccess,arn:aws:iam::aws:policy/AmazonEventBridgeFullAccess,2,v4[0m
mlimachi,GROUP_ATTACHED,ANPARFDV6UGLEHSRA7DCG,AllowAmazonRedshiftDataFullAccess,arn:aws:iam::079704269206:policy/AllowAmazonRedshiftDataFullAccess,1,v2[0m
mlimachi,GROUP_ATTACHED,ANPAJSNKQX2OW67GF4S7E,AWSSupportAccess,arn:aws:iam::aws:policy/AWSSupportAccess,5,v1[0m
[0;31mmlimachi,GROUP_INLINE,,AdministratorAccess-admin-201501281707,,0,[0m
[0;31mmlimachi,GROUP_INLINE,,AdministratorAccess-admin-201501281707,,0,[0m

msushanth,GROUPS,AGPARFDV6UGLBUFHWUY3H,SageMaker_users,arn:aws:iam::079704269206:group/SageMaker_users[0m
msushanth,GROUPS,AGPARFDV6UGLDMLIVBD2H,ForceMFAUserGroup,arn:aws:iam::079704269206:group/ForceMFAUserGroup[0m
msushanth,GROUPS,AGPARFDV6UGLGRRENGNOQ,BaseConsole,arn:aws:iam::079704269206:group/BaseConsole[0m
msushanth,GROUP_ATTACHED,ANPAJ4L4MM2A7QIEB56MS,IAMUserChangePassword,arn:aws:iam::aws:policy/IAMUserChangePassword,3,v2[0m
msushanth,GROUP_ATTACHED,ANPAZKAPJZG4HEDUXFSA3,AWSCloudShellFullAccess,arn:aws:iam::aws:policy/AWSCloudShellFullAccess,1,v1[0m
msushanth,GROUP_ATTACHED,ANPARFDV6UGLBTC6MLCPA,UserSelfManage,arn:aws:iam::079704269206:policy/UserSelfManage,1,v3[0m
msushanth,GROUP_ATTACHED,ANPARFDV6UGLCRBVM5NGG,AllowMFAmanagement,arn:aws:iam::079704269206:policy/AllowMFAmanagement,1,v6[0m
msushanth,GROUP_ATTACHED,ANPARFDV6UGLAGLJUO27N,MFAEnforcementPolicy,arn:aws:iam::079704269206:policy/MFAEnforcementPolicy,1,v1[0m
msushanth,GROUP_ATTACHED,ANPAJZ5IWYMXO5QDB4QOG,AmazonSageMakerFullAccess,arn:aws:iam::aws:policy/AmazonSageMakerFullAccess,4,v26[0m

mwhite,GROUPS,AGPARFDV6UGLDMLIVBD2H,ForceMFAUserGroup,arn:aws:iam::079704269206:group/ForceMFAUserGroup[0m
mwhite,GROUPS,AGPARFDV6UGLGRRENGNOQ,BaseConsole,arn:aws:iam::079704269206:group/BaseConsole[0m
mwhite,GROUPS,AGPARFDV6UGLML3BF5EJN,cloudwatch_readonly,arn:aws:iam::079704269206:group/cloudwatch_readonly[0m
mwhite,GROUP_ATTACHED,ANPAJ4L4MM2A7QIEB56MS,IAMUserChangePassword,arn:aws:iam::aws:policy/IAMUserChangePassword,3,v2[0m
mwhite,GROUP_ATTACHED,ANPAZKAPJZG4HEDUXFSA3,AWSCloudShellFullAccess,arn:aws:iam::aws:policy/AWSCloudShellFullAccess,1,v1[0m
mwhite,GROUP_ATTACHED,ANPARFDV6UGLBTC6MLCPA,UserSelfManage,arn:aws:iam::079704269206:policy/UserSelfManage,1,v3[0m
mwhite,GROUP_ATTACHED,ANPARFDV6UGLCRBVM5NGG,AllowMFAmanagement,arn:aws:iam::079704269206:policy/AllowMFAmanagement,1,v6[0m
mwhite,GROUP_ATTACHED,ANPAJN23PDQP7SZQAE3QE,CloudWatchReadOnlyAccess,arn:aws:iam::aws:policy/CloudWatchReadOnlyAccess,4,v9[0m
mwhite,GROUP_ATTACHED,ANPAIILJPXXA6F7GYLYBS,CloudWatchEventsReadOnlyAccess,arn:aws:iam::aws:policy/CloudWatchEventsReadOnlyAccess,1,v3[0m
mwhite,GROUP_ATTACHED,ANPAJ2YIYDYSNNEHK3VKW,CloudWatchLogsReadOnlyAccess,arn:aws:iam::aws:policy/CloudWatchLogsReadOnlyAccess,2,v6[0m
mwhite,GROUP_ATTACHED,ANPAZKAPJZG4AX4TJYLSI,CloudWatchApplicationInsightsReadOnlyAccess,arn:aws:iam::aws:policy/CloudWatchApplicationInsightsReadOnlyAccess,2,v1[0m
mwhite,GROUP_ATTACHED,ANPAZKAPJZG4C7XDT2FFB,CloudWatchSyntheticsReadOnlyAccess,arn:aws:iam::aws:policy/CloudWatchSyntheticsReadOnlyAccess,1,v2[0m
mwhite,GROUP_ATTACHED,ANPARFDV6UGLAGLJUO27N,MFAEnforcementPolicy,arn:aws:iam::079704269206:policy/MFAEnforcementPolicy,1,v1[0m
mwhite,GROUP_INLINE,,SaveCloudwatchInsightsQueries,,0,[0m
mwhite,GROUP_INLINE,,SaveCloudwatchInsightsQueries,,0,[0m

nanthony,GROUPS,AGPARFDV6UGLDMLIVBD2H,ForceMFAUserGroup,arn:aws:iam::079704269206:group/ForceMFAUserGroup[0m
nanthony,GROUPS,AGPARFDV6UGLETBAGMMD5,Support_Access,arn:aws:iam::079704269206:group/Support_Access[0m
nanthony,GROUPS,AGPARFDV6UGLGRRENGNOQ,BaseConsole,arn:aws:iam::079704269206:group/BaseConsole[0m
nanthony,GROUPS,AGPARFDV6UGLILF3XHOQM,lambda_admin,arn:aws:iam::079704269206:group/lambda_admin[0m
nanthony,GROUPS,AGPARFDV6UGLML3BF5EJN,cloudwatch_readonly,arn:aws:iam::079704269206:group/cloudwatch_readonly[0m
nanthony,ATTACHED_POLICY,ANPAIGD46KSON64QBSEZM,AmazonRedshiftReadOnlyAccess,arn:aws:iam::aws:policy/AmazonRedshiftReadOnlyAccess,3,v2[0m
nanthony,ATTACHED_POLICY,ANPAJDNE5PIHROIBGGDDW,AmazonEC2ContainerRegistryPowerUser,arn:aws:iam::aws:policy/AmazonEC2ContainerRegistryPowerUser,1,v3[0m
nanthony,ATTACHED_POLICY,ANPARFDV6UGLLLQWGVMP2,drchrono-py2-pisa_s3_permissions,arn:aws:iam::079704269206:policy/drchrono-py2-pisa_s3_permissions,2,v3[0m
nanthony,ATTACHED_POLICY,ANPARFDV6UGLBRB43O64J,ECRCustom,arn:aws:iam::079704269206:policy/ECRCustom,1,v2[0m
nanthony,GROUP_ATTACHED,ANPAJ4L4MM2A7QIEB56MS,IAMUserChangePassword,arn:aws:iam::aws:policy/IAMUserChangePassword,3,v2[0m
nanthony,GROUP_ATTACHED,ANPAZKAPJZG4HEDUXFSA3,AWSCloudShellFullAccess,arn:aws:iam::aws:policy/AWSCloudShellFullAccess,1,v1[0m
nanthony,GROUP_ATTACHED,ANPARFDV6UGLBTC6MLCPA,UserSelfManage,arn:aws:iam::079704269206:policy/UserSelfManage,1,v3[0m
nanthony,GROUP_ATTACHED,ANPARFDV6UGLCRBVM5NGG,AllowMFAmanagement,arn:aws:iam::079704269206:policy/AllowMFAmanagement,1,v6[0m
nanthony,GROUP_ATTACHED,ANPAJN23PDQP7SZQAE3QE,CloudWatchReadOnlyAccess,arn:aws:iam::aws:policy/CloudWatchReadOnlyAccess,4,v9[0m
nanthony,GROUP_ATTACHED,ANPAIILJPXXA6F7GYLYBS,CloudWatchEventsReadOnlyAccess,arn:aws:iam::aws:policy/CloudWatchEventsReadOnlyAccess,1,v3[0m
nanthony,GROUP_ATTACHED,ANPAJ2YIYDYSNNEHK3VKW,CloudWatchLogsReadOnlyAccess,arn:aws:iam::aws:policy/CloudWatchLogsReadOnlyAccess,2,v6[0m
nanthony,GROUP_ATTACHED,ANPAZKAPJZG4AX4TJYLSI,CloudWatchApplicationInsightsReadOnlyAccess,arn:aws:iam::aws:policy/CloudWatchApplicationInsightsReadOnlyAccess,2,v1[0m
nanthony,GROUP_ATTACHED,ANPAZKAPJZG4C7XDT2FFB,CloudWatchSyntheticsReadOnlyAccess,arn:aws:iam::aws:policy/CloudWatchSyntheticsReadOnlyAccess,1,v2[0m
nanthony,GROUP_ATTACHED,ANPARFDV6UGLAGLJUO27N,MFAEnforcementPolicy,arn:aws:iam::079704269206:policy/MFAEnforcementPolicy,1,v1[0m
nanthony,GROUP_ATTACHED,ANPAZKAPJZG4OXQPYWZ5D,AWSLambda_FullAccess,arn:aws:iam::aws:policy/AWSLambda_FullAccess,2,v1[0m
nanthony,GROUP_ATTACHED,ANPAJSNKQX2OW67GF4S7E,AWSSupportAccess,arn:aws:iam::aws:policy/AWSSupportAccess,5,v1[0m
nanthony,GROUP_INLINE,,SaveCloudwatchInsightsQueries,,0,[0m
nanthony,GROUP_INLINE,,SaveCloudwatchInsightsQueries,,0,[0m

pmize,ATTACHED_POLICY,ANPAJ2YIYDYSNNEHK3VKW,CloudWatchLogsReadOnlyAccess,arn:aws:iam::aws:policy/CloudWatchLogsReadOnlyAccess,2,v6[0m

prod-artifacts,ATTACHED_POLICY,ANPARFDV6UGLO6YBWYR53,prod-artifact,arn:aws:iam::079704269206:policy/prod-artifact,3,v1[0m


prod-static-media,ATTACHED_POLICY,ANPARFDV6UGLO6JTFF5WT,prod-cloudfront,arn:aws:iam::079704269206:policy/prod-cloudfront,2,v3[0m


psanchez,GROUPS,AGPARFDV6UGLDMLIVBD2H,ForceMFAUserGroup,arn:aws:iam::079704269206:group/ForceMFAUserGroup[0m
psanchez,GROUPS,AGPARFDV6UGLGRRENGNOQ,BaseConsole,arn:aws:iam::079704269206:group/BaseConsole[0m
psanchez,GROUPS,AGPARFDV6UGLML3BF5EJN,cloudwatch_readonly,arn:aws:iam::079704269206:group/cloudwatch_readonly[0m
psanchez,ATTACHED_POLICY,ANPARFDV6UGLGOTNY62XX,AthenaReadOnlyAccess,arn:aws:iam::079704269206:policy/AthenaReadOnlyAccess,1,v10[0m
psanchez,GROUP_ATTACHED,ANPAJ4L4MM2A7QIEB56MS,IAMUserChangePassword,arn:aws:iam::aws:policy/IAMUserChangePassword,3,v2[0m
psanchez,GROUP_ATTACHED,ANPAZKAPJZG4HEDUXFSA3,AWSCloudShellFullAccess,arn:aws:iam::aws:policy/AWSCloudShellFullAccess,1,v1[0m
psanchez,GROUP_ATTACHED,ANPARFDV6UGLBTC6MLCPA,UserSelfManage,arn:aws:iam::079704269206:policy/UserSelfManage,1,v3[0m
psanchez,GROUP_ATTACHED,ANPARFDV6UGLCRBVM5NGG,AllowMFAmanagement,arn:aws:iam::079704269206:policy/AllowMFAmanagement,1,v6[0m
psanchez,GROUP_ATTACHED,ANPAJN23PDQP7SZQAE3QE,CloudWatchReadOnlyAccess,arn:aws:iam::aws:policy/CloudWatchReadOnlyAccess,4,v9[0m
psanchez,GROUP_ATTACHED,ANPAIILJPXXA6F7GYLYBS,CloudWatchEventsReadOnlyAccess,arn:aws:iam::aws:policy/CloudWatchEventsReadOnlyAccess,1,v3[0m
psanchez,GROUP_ATTACHED,ANPAJ2YIYDYSNNEHK3VKW,CloudWatchLogsReadOnlyAccess,arn:aws:iam::aws:policy/CloudWatchLogsReadOnlyAccess,2,v6[0m
psanchez,GROUP_ATTACHED,ANPAZKAPJZG4AX4TJYLSI,CloudWatchApplicationInsightsReadOnlyAccess,arn:aws:iam::aws:policy/CloudWatchApplicationInsightsReadOnlyAccess,2,v1[0m
psanchez,GROUP_ATTACHED,ANPAZKAPJZG4C7XDT2FFB,CloudWatchSyntheticsReadOnlyAccess,arn:aws:iam::aws:policy/CloudWatchSyntheticsReadOnlyAccess,1,v2[0m
psanchez,GROUP_ATTACHED,ANPARFDV6UGLAGLJUO27N,MFAEnforcementPolicy,arn:aws:iam::079704269206:policy/MFAEnforcementPolicy,1,v1[0m
psanchez,GROUP_INLINE,,SaveCloudwatchInsightsQueries,,0,[0m
psanchez,GROUP_INLINE,,SaveCloudwatchInsightsQueries,,0,[0m

pweissbrod,GROUPS,AGPARFDV6UGLDMLIVBD2H,ForceMFAUserGroup,arn:aws:iam::079704269206:group/ForceMFAUserGroup[0m
pweissbrod,GROUPS,AGPARFDV6UGLGRRENGNOQ,BaseConsole,arn:aws:iam::079704269206:group/BaseConsole[0m
pweissbrod,GROUPS,AGPARFDV6UGLNFPUAGACB,admin-readonly,arn:aws:iam::079704269206:group/admin-readonly[0m
pweissbrod,GROUPS,AGPARFDV6UGLOCL4LWILL,architecture_services,arn:aws:iam::079704269206:group/architecture_services[0m
pweissbrod,GROUP_ATTACHED,ANPAILL3HVNFSB6DCOWYQ,ReadOnlyAccess,arn:aws:iam::aws:policy/ReadOnlyAccess,16,v113[0m
pweissbrod,GROUP_ATTACHED,ANPAZKAPJZG4M2AUBSW6R,AmazonRDSPerformanceInsightsReadOnly,arn:aws:iam::aws:policy/AmazonRDSPerformanceInsightsReadOnly,1,v3[0m
pweissbrod,GROUP_ATTACHED,ANPARFDV6UGLL4RGZB42V,LimitedAccessKMSforRDS,arn:aws:iam::079704269206:policy/LimitedAccessKMSforRDS,1,v1[0m
pweissbrod,GROUP_ATTACHED,ANPARFDV6UGLKAHXMTSD6,AthenaElevatedAccessArchitectureGuild,arn:aws:iam::079704269206:policy/AthenaElevatedAccessArchitectureGuild,1,v1[0m
pweissbrod,GROUP_ATTACHED,ANPAJ4L4MM2A7QIEB56MS,IAMUserChangePassword,arn:aws:iam::aws:policy/IAMUserChangePassword,3,v2[0m
pweissbrod,GROUP_ATTACHED,ANPAZKAPJZG4HEDUXFSA3,AWSCloudShellFullAccess,arn:aws:iam::aws:policy/AWSCloudShellFullAccess,1,v1[0m
pweissbrod,GROUP_ATTACHED,ANPARFDV6UGLBTC6MLCPA,UserSelfManage,arn:aws:iam::079704269206:policy/UserSelfManage,1,v3[0m
pweissbrod,GROUP_ATTACHED,ANPARFDV6UGLCRBVM5NGG,AllowMFAmanagement,arn:aws:iam::079704269206:policy/AllowMFAmanagement,1,v6[0m
pweissbrod,GROUP_ATTACHED,ANPARFDV6UGLAGLJUO27N,MFAEnforcementPolicy,arn:aws:iam::079704269206:policy/MFAEnforcementPolicy,1,v1[0m

quicksight-production,GROUPS,AGPARFDV6UGLGRRENGNOQ,BaseConsole,arn:aws:iam::079704269206:group/BaseConsole[0m
quicksight-production,GROUPS,AGPARFDV6UGLPAMFK7OTO,quicksight_actions,arn:aws:iam::079704269206:group/quicksight_actions[0m
quicksight-production,GROUP_ATTACHED,ANPAJ4L4MM2A7QIEB56MS,IAMUserChangePassword,arn:aws:iam::aws:policy/IAMUserChangePassword,3,v2[0m
quicksight-production,GROUP_ATTACHED,ANPAZKAPJZG4HEDUXFSA3,AWSCloudShellFullAccess,arn:aws:iam::aws:policy/AWSCloudShellFullAccess,1,v1[0m
quicksight-production,GROUP_ATTACHED,ANPARFDV6UGLBTC6MLCPA,UserSelfManage,arn:aws:iam::079704269206:policy/UserSelfManage,1,v3[0m
quicksight-production,GROUP_ATTACHED,ANPARFDV6UGLCRBVM5NGG,AllowMFAmanagement,arn:aws:iam::079704269206:policy/AllowMFAmanagement,1,v6[0m
quicksight-production,GROUP_ATTACHED,ANPARFDV6UGLFNTUTBGLU,quicksight_actions,arn:aws:iam::079704269206:policy/quicksight_actions,2,v9[0m

rackspace-production,GROUPS,AGPARFDV6UGLFR2ZQPYIH,cdn-group,arn:aws:iam::079704269206:group/cdn-group[0m
rackspace-production,GROUPS,AGPARFDV6UGLOJRRUG2X6,upload_artifacts,arn:aws:iam::079704269206:group/upload_artifacts[0m
rackspace-production,ATTACHED_POLICY,ANPAZKAPJZG4KGELFKPYK,AWSTransferFullAccess,arn:aws:iam::aws:policy/AWSTransferFullAccess,1,v1[0m
rackspace-production,ATTACHED_POLICY,ANPARFDV6UGLB7MRVZTNU,stg_s3_customer_suspend_accounts,arn:aws:iam::079704269206:policy/stg_s3_customer_suspend_accounts,9,v8[0m
rackspace-production,ATTACHED_POLICY,ANPARFDV6UGLOW2Y24DV6,prod-artifact-read-only,arn:aws:iam::079704269206:policy/prod-artifact-read-only,2,v1[0m
rackspace-production,ATTACHED_POLICY,ANPARFDV6UGLFNTUTBGLU,quicksight_actions,arn:aws:iam::079704269206:policy/quicksight_actions,2,v9[0m
rackspace-production,ATTACHED_POLICY,ANPARFDV6UGLBEFFXQ2S5,stg-artifacts-read-only,arn:aws:iam::079704269206:policy/stg-artifacts-read-only,2,v1[0m
rackspace-production,ATTACHED_POLICY,ANPARFDV6UGLNWVUM42VP,drchrono.com-uploaded-media-rw,arn:aws:iam::079704269206:policy/drchrono.com-uploaded-media-rw,1,v1[0m
rackspace-production,ATTACHED_POLICY,ANPARFDV6UGLDXCYRXXRD,stg_s3_customer_unsuspend_accounts,arn:aws:iam::079704269206:policy/stg_s3_customer_unsuspend_accounts,5,v4[0m
rackspace-production,ATTACHED_POLICY,ANPARFDV6UGLBCCUFBZOJ,_Stg-UploadedBucketPerms,arn:aws:iam::079704269206:policy/_Stg-UploadedBucketPerms,2,v2[0m
rackspace-production,ATTACHED_POLICY,ANPARFDV6UGLO5LLPPRSL,prod-drc-read-write-sqs,arn:aws:iam::079704269206:policy/prod-drc-read-write-sqs,11,v3[0m
rackspace-production,ATTACHED_POLICY,ANPARFDV6UGLGFTGEYUKI,prod_write_cloudwatch,arn:aws:iam::079704269206:policy/prod_write_cloudwatch,27,v2[0m
rackspace-production,ATTACHED_POLICY,ANPARFDV6UGLNHG5IA7HY,s3-short-lived-uploads,arn:aws:iam::079704269206:policy/s3-short-lived-uploads,2,v5[0m
rackspace-production,ATTACHED_POLICY,ANPARFDV6UGLIHEN22Y4V,stg-drc-read-write-sqs,arn:aws:iam::079704269206:policy/stg-drc-read-write-sqs,11,v4[0m
rackspace-production,ATTACHED_POLICY,ANPARFDV6UGLBKCNLF77H,prod_s3_customer_suspend_accounts,arn:aws:iam::079704269206:policy/prod_s3_customer_suspend_accounts,8,v3[0m
rackspace-production,ATTACHED_POLICY,ANPARFDV6UGLIOGGOEG4J,prod_s3_customer_unsuspend_accounts,arn:aws:iam::079704269206:policy/prod_s3_customer_unsuspend_accounts,5,v1[0m
rackspace-production,GROUP_ATTACHED,ANPARFDV6UGLCJERWDJHZ,stg-cloudfront,arn:aws:iam::079704269206:policy/stg-cloudfront,2,v3[0m
rackspace-production,GROUP_ATTACHED,ANPARFDV6UGLO6JTFF5WT,prod-cloudfront,arn:aws:iam::079704269206:policy/prod-cloudfront,2,v3[0m
rackspace-production,GROUP_ATTACHED,ANPARFDV6UGLGSYGXGECN,stg-efs-utils-upload-artifact,arn:aws:iam::079704269206:policy/stg-efs-utils-upload-artifact,2,v1[0m

rackspace-production-cloudwatch-logs,ATTACHED_POLICY,ANPARFDV6UGLGFTGEYUKI,prod_write_cloudwatch,arn:aws:iam::079704269206:policy/prod_write_cloudwatch,27,v2[0m

rackspace-staging-cloudwatch-logs,ATTACHED_POLICY,ANPARFDV6UGLFDPXJDCEN,stg_write_cloudwatch,arn:aws:iam::079704269206:policy/stg_write_cloudwatch,26,v2[0m

rgoldstein,GROUPS,AGPARFDV6UGLDMLIVBD2H,ForceMFAUserGroup,arn:aws:iam::079704269206:group/ForceMFAUserGroup[0m
rgoldstein,GROUPS,AGPARFDV6UGLGRRENGNOQ,BaseConsole,arn:aws:iam::079704269206:group/BaseConsole[0m
rgoldstein,GROUPS,AGPARFDV6UGLOMCC4MNWD,devops-beginner,arn:aws:iam::079704269206:group/devops-beginner[0m
rgoldstein,ATTACHED_POLICY,ANPAILL3HVNFSB6DCOWYQ,ReadOnlyAccess,arn:aws:iam::aws:policy/ReadOnlyAccess,16,v113[0m
rgoldstein,GROUP_ATTACHED,ANPAJ4L4MM2A7QIEB56MS,IAMUserChangePassword,arn:aws:iam::aws:policy/IAMUserChangePassword,3,v2[0m
rgoldstein,GROUP_ATTACHED,ANPAZKAPJZG4HEDUXFSA3,AWSCloudShellFullAccess,arn:aws:iam::aws:policy/AWSCloudShellFullAccess,1,v1[0m
rgoldstein,GROUP_ATTACHED,ANPARFDV6UGLBTC6MLCPA,UserSelfManage,arn:aws:iam::079704269206:policy/UserSelfManage,1,v3[0m
rgoldstein,GROUP_ATTACHED,ANPARFDV6UGLCRBVM5NGG,AllowMFAmanagement,arn:aws:iam::079704269206:policy/AllowMFAmanagement,1,v6[0m
rgoldstein,GROUP_ATTACHED,ANPAI7XKCFMBPM3QQRRVQ,IAMFullAccess,arn:aws:iam::aws:policy/IAMFullAccess,4,v2[0m
rgoldstein,GROUP_ATTACHED,ANPAZKAPJZG4MNS2SANVJ,AmazonCloudWatchRUMReadOnlyAccess,arn:aws:iam::aws:policy/AmazonCloudWatchRUMReadOnlyAccess,1,v2[0m
rgoldstein,GROUP_ATTACHED,ANPAZKAPJZG4EQ6XHY7DQ,AmazonCloudWatchEvidentlyReadOnlyAccess,arn:aws:iam::aws:policy/AmazonCloudWatchEvidentlyReadOnlyAccess,1,v1[0m
rgoldstein,GROUP_ATTACHED,ANPAZKAPJZG4AX4TJYLSI,CloudWatchApplicationInsightsReadOnlyAccess,arn:aws:iam::aws:policy/CloudWatchApplicationInsightsReadOnlyAccess,2,v1[0m
rgoldstein,GROUP_ATTACHED,ANPARFDV6UGLGH4BV2JLI,sesreadandverify,arn:aws:iam::079704269206:policy/sesreadandverify,2,v1[0m
rgoldstein,GROUP_ATTACHED,ANPARFDV6UGLAO6ADX4BB,terraformCreateMSad,arn:aws:iam::079704269206:policy/terraformCreateMSad,1,v3[0m
[0;31mrgoldstein,GROUP_ATTACHED,ANPARFDV6UGLGR5ROQP36,terraform-staging-only,arn:aws:iam::079704269206:policy/terraform-staging-only,3,v34[0m
rgoldstein,GROUP_ATTACHED,ANPARFDV6UGLAGLJUO27N,MFAEnforcementPolicy,arn:aws:iam::079704269206:policy/MFAEnforcementPolicy,1,v1[0m

rohithr,GROUPS,AGPARFDV6UGLDMLIVBD2H,ForceMFAUserGroup,arn:aws:iam::079704269206:group/ForceMFAUserGroup[0m
rohithr,GROUPS,AGPARFDV6UGLGRRENGNOQ,BaseConsole,arn:aws:iam::079704269206:group/BaseConsole[0m
rohithr,GROUPS,AGPARFDV6UGLGW4B7DDF4,RedshiftUsers,arn:aws:iam::079704269206:group/RedshiftUsers[0m
rohithr,GROUPS,AGPARFDV6UGLML3BF5EJN,cloudwatch_readonly,arn:aws:iam::079704269206:group/cloudwatch_readonly[0m
rohithr,GROUPS,AGPARFDV6UGLOF27TIXRH,quicksight_creator,arn:aws:iam::079704269206:group/quicksight_creator[0m
rohithr,GROUP_ATTACHED,ANPAJ4L4MM2A7QIEB56MS,IAMUserChangePassword,arn:aws:iam::aws:policy/IAMUserChangePassword,3,v2[0m
rohithr,GROUP_ATTACHED,ANPAZKAPJZG4HEDUXFSA3,AWSCloudShellFullAccess,arn:aws:iam::aws:policy/AWSCloudShellFullAccess,1,v1[0m
rohithr,GROUP_ATTACHED,ANPARFDV6UGLBTC6MLCPA,UserSelfManage,arn:aws:iam::079704269206:policy/UserSelfManage,1,v3[0m
rohithr,GROUP_ATTACHED,ANPARFDV6UGLCRBVM5NGG,AllowMFAmanagement,arn:aws:iam::079704269206:policy/AllowMFAmanagement,1,v6[0m
rohithr,GROUP_ATTACHED,ANPAJN23PDQP7SZQAE3QE,CloudWatchReadOnlyAccess,arn:aws:iam::aws:policy/CloudWatchReadOnlyAccess,4,v9[0m
rohithr,GROUP_ATTACHED,ANPAIILJPXXA6F7GYLYBS,CloudWatchEventsReadOnlyAccess,arn:aws:iam::aws:policy/CloudWatchEventsReadOnlyAccess,1,v3[0m
rohithr,GROUP_ATTACHED,ANPAJ2YIYDYSNNEHK3VKW,CloudWatchLogsReadOnlyAccess,arn:aws:iam::aws:policy/CloudWatchLogsReadOnlyAccess,2,v6[0m
rohithr,GROUP_ATTACHED,ANPAZKAPJZG4AX4TJYLSI,CloudWatchApplicationInsightsReadOnlyAccess,arn:aws:iam::aws:policy/CloudWatchApplicationInsightsReadOnlyAccess,2,v1[0m
rohithr,GROUP_ATTACHED,ANPAZKAPJZG4C7XDT2FFB,CloudWatchSyntheticsReadOnlyAccess,arn:aws:iam::aws:policy/CloudWatchSyntheticsReadOnlyAccess,1,v2[0m
rohithr,GROUP_ATTACHED,ANPARFDV6UGLAGLJUO27N,MFAEnforcementPolicy,arn:aws:iam::079704269206:policy/MFAEnforcementPolicy,1,v1[0m
rohithr,GROUP_ATTACHED,ANPARFDV6UGLOFIXJL3PB,AWSQuickSightRDSPolicy,arn:aws:iam::079704269206:policy/service-role/AWSQuickSightRDSPolicy,3,v2[0m
rohithr,GROUP_ATTACHED,ANPARFDV6UGLICMV7QU6K,quicksight_creator,arn:aws:iam::079704269206:policy/quicksight_creator,1,v1[0m
rohithr,GROUP_ATTACHED,ANPARFDV6UGLOJKPDHSEA,AWSQuickSightIAMPolicy,arn:aws:iam::079704269206:policy/service-role/AWSQuickSightIAMPolicy,3,v2[0m
rohithr,GROUP_ATTACHED,ANPARFDV6UGLAGXJJTF4K,AWSQuickSightRedshiftPolicy,arn:aws:iam::079704269206:policy/service-role/AWSQuickSightRedshiftPolicy,4,v2[0m
rohithr,GROUP_ATTACHED,ANPAI3CCUQ4U5WNC5F6B6,AmazonDMSRedshiftS3Role,arn:aws:iam::aws:policy/service-role/AmazonDMSRedshiftS3Role,3,v3[0m
rohithr,GROUP_ATTACHED,ANPAJFEM6MLSLTW4ZNBW2,AWSQuickSightDescribeRedshift,arn:aws:iam::aws:policy/service-role/AWSQuickSightDescribeRedshift,1,v1[0m
rohithr,GROUP_ATTACHED,ANPAIGD46KSON64QBSEZM,AmazonRedshiftReadOnlyAccess,arn:aws:iam::aws:policy/AmazonRedshiftReadOnlyAccess,3,v2[0m
rohithr,GROUP_ATTACHED,ANPAJ4L4MM2A7QIEB56MS,IAMUserChangePassword,arn:aws:iam::aws:policy/IAMUserChangePassword,3,v2[0m
rohithr,GROUP_ATTACHED,ANPAINVFHHP7CWVHTGBGM,AmazonRedshiftQueryEditor,arn:aws:iam::aws:policy/AmazonRedshiftQueryEditor,2,v4[0m
rohithr,GROUP_ATTACHED,ANPAZKAPJZG4KIS42XTKF,AmazonMachineLearningRoleforRedshiftDataSourceV2,arn:aws:iam::aws:policy/service-role/AmazonMachineLearningRoleforRedshiftDataSourceV2,1,v1[0m
rohithr,GROUP_ATTACHED,ANPARFDV6UGLLCU56QO3Z,redshift-serverless-readonly,arn:aws:iam::079704269206:policy/redshift-serverless-readonly,1,v1[0m
rohithr,GROUP_INLINE,,SaveCloudwatchInsightsQueries,,0,[0m
rohithr,GROUP_INLINE,,SaveCloudwatchInsightsQueries,,0,[0m

rtsuzaki,GROUPS,AGPARFDV6UGLDMLIVBD2H,ForceMFAUserGroup,arn:aws:iam::079704269206:group/ForceMFAUserGroup[0m
rtsuzaki,GROUPS,AGPARFDV6UGLETBAGMMD5,Support_Access,arn:aws:iam::079704269206:group/Support_Access[0m
rtsuzaki,GROUPS,AGPARFDV6UGLGRRENGNOQ,BaseConsole,arn:aws:iam::079704269206:group/BaseConsole[0m
rtsuzaki,GROUPS,AGPARFDV6UGLML3BF5EJN,cloudwatch_readonly,arn:aws:iam::079704269206:group/cloudwatch_readonly[0m
rtsuzaki,GROUP_ATTACHED,ANPAJ4L4MM2A7QIEB56MS,IAMUserChangePassword,arn:aws:iam::aws:policy/IAMUserChangePassword,3,v2[0m
rtsuzaki,GROUP_ATTACHED,ANPAZKAPJZG4HEDUXFSA3,AWSCloudShellFullAccess,arn:aws:iam::aws:policy/AWSCloudShellFullAccess,1,v1[0m
rtsuzaki,GROUP_ATTACHED,ANPARFDV6UGLBTC6MLCPA,UserSelfManage,arn:aws:iam::079704269206:policy/UserSelfManage,1,v3[0m
rtsuzaki,GROUP_ATTACHED,ANPARFDV6UGLCRBVM5NGG,AllowMFAmanagement,arn:aws:iam::079704269206:policy/AllowMFAmanagement,1,v6[0m
rtsuzaki,GROUP_ATTACHED,ANPAJN23PDQP7SZQAE3QE,CloudWatchReadOnlyAccess,arn:aws:iam::aws:policy/CloudWatchReadOnlyAccess,4,v9[0m
rtsuzaki,GROUP_ATTACHED,ANPAIILJPXXA6F7GYLYBS,CloudWatchEventsReadOnlyAccess,arn:aws:iam::aws:policy/CloudWatchEventsReadOnlyAccess,1,v3[0m
rtsuzaki,GROUP_ATTACHED,ANPAJ2YIYDYSNNEHK3VKW,CloudWatchLogsReadOnlyAccess,arn:aws:iam::aws:policy/CloudWatchLogsReadOnlyAccess,2,v6[0m
rtsuzaki,GROUP_ATTACHED,ANPAZKAPJZG4AX4TJYLSI,CloudWatchApplicationInsightsReadOnlyAccess,arn:aws:iam::aws:policy/CloudWatchApplicationInsightsReadOnlyAccess,2,v1[0m
rtsuzaki,GROUP_ATTACHED,ANPAZKAPJZG4C7XDT2FFB,CloudWatchSyntheticsReadOnlyAccess,arn:aws:iam::aws:policy/CloudWatchSyntheticsReadOnlyAccess,1,v2[0m
rtsuzaki,GROUP_ATTACHED,ANPARFDV6UGLAGLJUO27N,MFAEnforcementPolicy,arn:aws:iam::079704269206:policy/MFAEnforcementPolicy,1,v1[0m
rtsuzaki,GROUP_ATTACHED,ANPAJSNKQX2OW67GF4S7E,AWSSupportAccess,arn:aws:iam::aws:policy/AWSSupportAccess,5,v1[0m
rtsuzaki,GROUP_INLINE,,SaveCloudwatchInsightsQueries,,0,[0m
rtsuzaki,GROUP_INLINE,,SaveCloudwatchInsightsQueries,,0,[0m




sfbackupuser,GROUPS,AGPARFDV6UGLA4BFXX55W,s3_backups,arn:aws:iam::079704269206:group/s3_backups[0m
sfbackupuser,GROUP_ATTACHED,ANPARFDV6UGLDXABYV7ZG,s3_backups,arn:aws:iam::079704269206:policy/s3_backups,1,v1[0m

smishra,GROUPS,AGPARFDV6UGLDMLIVBD2H,ForceMFAUserGroup,arn:aws:iam::079704269206:group/ForceMFAUserGroup[0m
smishra,GROUPS,AGPARFDV6UGLETBAGMMD5,Support_Access,arn:aws:iam::079704269206:group/Support_Access[0m
smishra,GROUPS,AGPARFDV6UGLGRRENGNOQ,BaseConsole,arn:aws:iam::079704269206:group/BaseConsole[0m
smishra,GROUPS,AGPARFDV6UGLNTKL46JN5,dhit_isalus,arn:aws:iam::079704269206:group/dhit_isalus[0m
smishra,ATTACHED_POLICY,ANPAIGDT4SV4GSETWTBZK,AmazonEC2ReadOnlyAccess,arn:aws:iam::aws:policy/AmazonEC2ReadOnlyAccess,5,v1[0m
smishra,ATTACHED_POLICY,ANPAJN23PDQP7SZQAE3QE,CloudWatchReadOnlyAccess,arn:aws:iam::aws:policy/CloudWatchReadOnlyAccess,4,v9[0m
smishra,GROUP_ATTACHED,ANPAJ4L4MM2A7QIEB56MS,IAMUserChangePassword,arn:aws:iam::aws:policy/IAMUserChangePassword,3,v2[0m
smishra,GROUP_ATTACHED,ANPAZKAPJZG4HEDUXFSA3,AWSCloudShellFullAccess,arn:aws:iam::aws:policy/AWSCloudShellFullAccess,1,v1[0m
smishra,GROUP_ATTACHED,ANPARFDV6UGLBTC6MLCPA,UserSelfManage,arn:aws:iam::079704269206:policy/UserSelfManage,1,v3[0m
smishra,GROUP_ATTACHED,ANPARFDV6UGLCRBVM5NGG,AllowMFAmanagement,arn:aws:iam::079704269206:policy/AllowMFAmanagement,1,v6[0m
smishra,GROUP_ATTACHED,ANPAI3VAJF5ZCRZ7MCQE6,AmazonEC2FullAccess,arn:aws:iam::aws:policy/AmazonEC2FullAccess,4,v5[0m
smishra,GROUP_ATTACHED,ANPAINAW5ANUWTH3R4ANI,AWSDirectoryServiceFullAccess,arn:aws:iam::aws:policy/AWSDirectoryServiceFullAccess,1,v6[0m
smishra,GROUP_ATTACHED,ANPAJ2P4NXCHAT7NDPNR4,AmazonSESFullAccess,arn:aws:iam::aws:policy/AmazonSESFullAccess,3,v1[0m
smishra,GROUP_ATTACHED,ANPAIFIR6V6BVTRAHWINE,AmazonS3FullAccess,arn:aws:iam::aws:policy/AmazonS3FullAccess,7,v2[0m
smishra,GROUP_ATTACHED,ANPARFDV6UGLAGLJUO27N,MFAEnforcementPolicy,arn:aws:iam::079704269206:policy/MFAEnforcementPolicy,1,v1[0m
smishra,GROUP_ATTACHED,ANPAJSNKQX2OW67GF4S7E,AWSSupportAccess,arn:aws:iam::aws:policy/AWSSupportAccess,5,v1[0m

sribeiro,GROUPS,AGPARFDV6UGLDMLIVBD2H,ForceMFAUserGroup,arn:aws:iam::079704269206:group/ForceMFAUserGroup[0m
sribeiro,GROUPS,AGPARFDV6UGLETBAGMMD5,Support_Access,arn:aws:iam::079704269206:group/Support_Access[0m
sribeiro,GROUPS,AGPARFDV6UGLGRRENGNOQ,BaseConsole,arn:aws:iam::079704269206:group/BaseConsole[0m
sribeiro,GROUPS,AGPARFDV6UGLGW4B7DDF4,RedshiftUsers,arn:aws:iam::079704269206:group/RedshiftUsers[0m
sribeiro,GROUPS,AGPARFDV6UGLML3BF5EJN,cloudwatch_readonly,arn:aws:iam::079704269206:group/cloudwatch_readonly[0m
sribeiro,GROUPS,AGPARFDV6UGLOF27TIXRH,quicksight_creator,arn:aws:iam::079704269206:group/quicksight_creator[0m
sribeiro,ATTACHED_POLICY,ANPAZKAPJZG4BKYFZHR4E,AmazonRedshiftQueryEditorV2FullAccess,arn:aws:iam::aws:policy/AmazonRedshiftQueryEditorV2FullAccess,3,v3[0m
sribeiro,ATTACHED_POLICY,ANPARFDV6UGLLOQJQMWL4,era_files_read_access,arn:aws:iam::079704269206:policy/era_files_read_access,1,v12[0m
sribeiro,GROUP_ATTACHED,ANPAJ4L4MM2A7QIEB56MS,IAMUserChangePassword,arn:aws:iam::aws:policy/IAMUserChangePassword,3,v2[0m
sribeiro,GROUP_ATTACHED,ANPAZKAPJZG4HEDUXFSA3,AWSCloudShellFullAccess,arn:aws:iam::aws:policy/AWSCloudShellFullAccess,1,v1[0m
sribeiro,GROUP_ATTACHED,ANPARFDV6UGLBTC6MLCPA,UserSelfManage,arn:aws:iam::079704269206:policy/UserSelfManage,1,v3[0m
sribeiro,GROUP_ATTACHED,ANPARFDV6UGLCRBVM5NGG,AllowMFAmanagement,arn:aws:iam::079704269206:policy/AllowMFAmanagement,1,v6[0m
sribeiro,GROUP_ATTACHED,ANPAJN23PDQP7SZQAE3QE,CloudWatchReadOnlyAccess,arn:aws:iam::aws:policy/CloudWatchReadOnlyAccess,4,v9[0m
sribeiro,GROUP_ATTACHED,ANPAIILJPXXA6F7GYLYBS,CloudWatchEventsReadOnlyAccess,arn:aws:iam::aws:policy/CloudWatchEventsReadOnlyAccess,1,v3[0m
sribeiro,GROUP_ATTACHED,ANPAJ2YIYDYSNNEHK3VKW,CloudWatchLogsReadOnlyAccess,arn:aws:iam::aws:policy/CloudWatchLogsReadOnlyAccess,2,v6[0m
sribeiro,GROUP_ATTACHED,ANPAZKAPJZG4AX4TJYLSI,CloudWatchApplicationInsightsReadOnlyAccess,arn:aws:iam::aws:policy/CloudWatchApplicationInsightsReadOnlyAccess,2,v1[0m
sribeiro,GROUP_ATTACHED,ANPAZKAPJZG4C7XDT2FFB,CloudWatchSyntheticsReadOnlyAccess,arn:aws:iam::aws:policy/CloudWatchSyntheticsReadOnlyAccess,1,v2[0m
sribeiro,GROUP_ATTACHED,ANPARFDV6UGLAGLJUO27N,MFAEnforcementPolicy,arn:aws:iam::079704269206:policy/MFAEnforcementPolicy,1,v1[0m
sribeiro,GROUP_ATTACHED,ANPARFDV6UGLOFIXJL3PB,AWSQuickSightRDSPolicy,arn:aws:iam::079704269206:policy/service-role/AWSQuickSightRDSPolicy,3,v2[0m
sribeiro,GROUP_ATTACHED,ANPARFDV6UGLICMV7QU6K,quicksight_creator,arn:aws:iam::079704269206:policy/quicksight_creator,1,v1[0m
sribeiro,GROUP_ATTACHED,ANPARFDV6UGLOJKPDHSEA,AWSQuickSightIAMPolicy,arn:aws:iam::079704269206:policy/service-role/AWSQuickSightIAMPolicy,3,v2[0m
sribeiro,GROUP_ATTACHED,ANPARFDV6UGLAGXJJTF4K,AWSQuickSightRedshiftPolicy,arn:aws:iam::079704269206:policy/service-role/AWSQuickSightRedshiftPolicy,4,v2[0m
sribeiro,GROUP_ATTACHED,ANPAI3CCUQ4U5WNC5F6B6,AmazonDMSRedshiftS3Role,arn:aws:iam::aws:policy/service-role/AmazonDMSRedshiftS3Role,3,v3[0m
sribeiro,GROUP_ATTACHED,ANPAJFEM6MLSLTW4ZNBW2,AWSQuickSightDescribeRedshift,arn:aws:iam::aws:policy/service-role/AWSQuickSightDescribeRedshift,1,v1[0m
sribeiro,GROUP_ATTACHED,ANPAIGD46KSON64QBSEZM,AmazonRedshiftReadOnlyAccess,arn:aws:iam::aws:policy/AmazonRedshiftReadOnlyAccess,3,v2[0m
sribeiro,GROUP_ATTACHED,ANPAJ4L4MM2A7QIEB56MS,IAMUserChangePassword,arn:aws:iam::aws:policy/IAMUserChangePassword,3,v2[0m
sribeiro,GROUP_ATTACHED,ANPAINVFHHP7CWVHTGBGM,AmazonRedshiftQueryEditor,arn:aws:iam::aws:policy/AmazonRedshiftQueryEditor,2,v4[0m
sribeiro,GROUP_ATTACHED,ANPAZKAPJZG4KIS42XTKF,AmazonMachineLearningRoleforRedshiftDataSourceV2,arn:aws:iam::aws:policy/service-role/AmazonMachineLearningRoleforRedshiftDataSourceV2,1,v1[0m
sribeiro,GROUP_ATTACHED,ANPARFDV6UGLLCU56QO3Z,redshift-serverless-readonly,arn:aws:iam::079704269206:policy/redshift-serverless-readonly,1,v1[0m
sribeiro,GROUP_ATTACHED,ANPAJSNKQX2OW67GF4S7E,AWSSupportAccess,arn:aws:iam::aws:policy/AWSSupportAccess,5,v1[0m
sribeiro,GROUP_INLINE,,SaveCloudwatchInsightsQueries,,0,[0m
sribeiro,GROUP_INLINE,,SaveCloudwatchInsightsQueries,,0,[0m

stg-artifacts,ATTACHED_POLICY,ANPARFDV6UGLI3YKKBDRN,stg-artifact,arn:aws:iam::079704269206:policy/stg-artifact,4,v3[0m



stg-static-media,ATTACHED_POLICY,ANPARFDV6UGLCJERWDJHZ,stg-cloudfront,arn:aws:iam::079704269206:policy/stg-cloudfront,2,v3[0m

[0;31mterraform-ci,ATTACHED_POLICY,ANPARFDV6UGLGR5ROQP36,terraform-staging-only,arn:aws:iam::079704269206:policy/terraform-staging-only,3,v34[0m

tlouison,GROUPS,AGPARFDV6UGLDMLIVBD2H,ForceMFAUserGroup,arn:aws:iam::079704269206:group/ForceMFAUserGroup[0m
tlouison,GROUPS,AGPARFDV6UGLGRRENGNOQ,BaseConsole,arn:aws:iam::079704269206:group/BaseConsole[0m
tlouison,GROUPS,AGPARFDV6UGLML3BF5EJN,cloudwatch_readonly,arn:aws:iam::079704269206:group/cloudwatch_readonly[0m
tlouison,GROUP_ATTACHED,ANPAJ4L4MM2A7QIEB56MS,IAMUserChangePassword,arn:aws:iam::aws:policy/IAMUserChangePassword,3,v2[0m
tlouison,GROUP_ATTACHED,ANPAZKAPJZG4HEDUXFSA3,AWSCloudShellFullAccess,arn:aws:iam::aws:policy/AWSCloudShellFullAccess,1,v1[0m
tlouison,GROUP_ATTACHED,ANPARFDV6UGLBTC6MLCPA,UserSelfManage,arn:aws:iam::079704269206:policy/UserSelfManage,1,v3[0m
tlouison,GROUP_ATTACHED,ANPARFDV6UGLCRBVM5NGG,AllowMFAmanagement,arn:aws:iam::079704269206:policy/AllowMFAmanagement,1,v6[0m
tlouison,GROUP_ATTACHED,ANPAJN23PDQP7SZQAE3QE,CloudWatchReadOnlyAccess,arn:aws:iam::aws:policy/CloudWatchReadOnlyAccess,4,v9[0m
tlouison,GROUP_ATTACHED,ANPAIILJPXXA6F7GYLYBS,CloudWatchEventsReadOnlyAccess,arn:aws:iam::aws:policy/CloudWatchEventsReadOnlyAccess,1,v3[0m
tlouison,GROUP_ATTACHED,ANPAJ2YIYDYSNNEHK3VKW,CloudWatchLogsReadOnlyAccess,arn:aws:iam::aws:policy/CloudWatchLogsReadOnlyAccess,2,v6[0m
tlouison,GROUP_ATTACHED,ANPAZKAPJZG4AX4TJYLSI,CloudWatchApplicationInsightsReadOnlyAccess,arn:aws:iam::aws:policy/CloudWatchApplicationInsightsReadOnlyAccess,2,v1[0m
tlouison,GROUP_ATTACHED,ANPAZKAPJZG4C7XDT2FFB,CloudWatchSyntheticsReadOnlyAccess,arn:aws:iam::aws:policy/CloudWatchSyntheticsReadOnlyAccess,1,v2[0m
tlouison,GROUP_ATTACHED,ANPARFDV6UGLAGLJUO27N,MFAEnforcementPolicy,arn:aws:iam::079704269206:policy/MFAEnforcementPolicy,1,v1[0m
tlouison,GROUP_INLINE,,SaveCloudwatchInsightsQueries,,0,[0m
tlouison,GROUP_INLINE,,SaveCloudwatchInsightsQueries,,0,[0m

tschultz,GROUPS,AGPARFDV6UGLDMLIVBD2H,ForceMFAUserGroup,arn:aws:iam::079704269206:group/ForceMFAUserGroup[0m
tschultz,GROUPS,AGPARFDV6UGLETBAGMMD5,Support_Access,arn:aws:iam::079704269206:group/Support_Access[0m
tschultz,GROUPS,AGPARFDV6UGLGRRENGNOQ,BaseConsole,arn:aws:iam::079704269206:group/BaseConsole[0m
tschultz,GROUPS,AGPARFDV6UGLKKAET7EVH,LambdaAdmins,arn:aws:iam::079704269206:group/LambdaAdmins[0m
tschultz,GROUPS,AGPARFDV6UGLML3BF5EJN,cloudwatch_readonly,arn:aws:iam::079704269206:group/cloudwatch_readonly[0m
tschultz,GROUP_ATTACHED,ANPAJ4L4MM2A7QIEB56MS,IAMUserChangePassword,arn:aws:iam::aws:policy/IAMUserChangePassword,3,v2[0m
tschultz,GROUP_ATTACHED,ANPAZKAPJZG4HEDUXFSA3,AWSCloudShellFullAccess,arn:aws:iam::aws:policy/AWSCloudShellFullAccess,1,v1[0m
tschultz,GROUP_ATTACHED,ANPARFDV6UGLBTC6MLCPA,UserSelfManage,arn:aws:iam::079704269206:policy/UserSelfManage,1,v3[0m
tschultz,GROUP_ATTACHED,ANPARFDV6UGLCRBVM5NGG,AllowMFAmanagement,arn:aws:iam::079704269206:policy/AllowMFAmanagement,1,v6[0m
tschultz,GROUP_ATTACHED,ANPAJN23PDQP7SZQAE3QE,CloudWatchReadOnlyAccess,arn:aws:iam::aws:policy/CloudWatchReadOnlyAccess,4,v9[0m
tschultz,GROUP_ATTACHED,ANPAIILJPXXA6F7GYLYBS,CloudWatchEventsReadOnlyAccess,arn:aws:iam::aws:policy/CloudWatchEventsReadOnlyAccess,1,v3[0m
tschultz,GROUP_ATTACHED,ANPAJ2YIYDYSNNEHK3VKW,CloudWatchLogsReadOnlyAccess,arn:aws:iam::aws:policy/CloudWatchLogsReadOnlyAccess,2,v6[0m
tschultz,GROUP_ATTACHED,ANPAZKAPJZG4AX4TJYLSI,CloudWatchApplicationInsightsReadOnlyAccess,arn:aws:iam::aws:policy/CloudWatchApplicationInsightsReadOnlyAccess,2,v1[0m
tschultz,GROUP_ATTACHED,ANPAZKAPJZG4C7XDT2FFB,CloudWatchSyntheticsReadOnlyAccess,arn:aws:iam::aws:policy/CloudWatchSyntheticsReadOnlyAccess,1,v2[0m
tschultz,GROUP_ATTACHED,ANPARFDV6UGLAGLJUO27N,MFAEnforcementPolicy,arn:aws:iam::079704269206:policy/MFAEnforcementPolicy,1,v1[0m
tschultz,GROUP_ATTACHED,ANPAZKAPJZG4OXQPYWZ5D,AWSLambda_FullAccess,arn:aws:iam::aws:policy/AWSLambda_FullAccess,2,v1[0m
tschultz,GROUP_ATTACHED,ANPAJSNKQX2OW67GF4S7E,AWSSupportAccess,arn:aws:iam::aws:policy/AWSSupportAccess,5,v1[0m
tschultz,GROUP_INLINE,,SaveCloudwatchInsightsQueries,,0,[0m
tschultz,GROUP_INLINE,,SaveCloudwatchInsightsQueries,,0,[0m

ttobin,GROUPS,AGPARFDV6UGLDMLIVBD2H,ForceMFAUserGroup,arn:aws:iam::079704269206:group/ForceMFAUserGroup[0m
ttobin,GROUPS,AGPARFDV6UGLGRRENGNOQ,BaseConsole,arn:aws:iam::079704269206:group/BaseConsole[0m
ttobin,GROUPS,AGPARFDV6UGLML3BF5EJN,cloudwatch_readonly,arn:aws:iam::079704269206:group/cloudwatch_readonly[0m
ttobin,GROUP_ATTACHED,ANPAJ4L4MM2A7QIEB56MS,IAMUserChangePassword,arn:aws:iam::aws:policy/IAMUserChangePassword,3,v2[0m
ttobin,GROUP_ATTACHED,ANPAZKAPJZG4HEDUXFSA3,AWSCloudShellFullAccess,arn:aws:iam::aws:policy/AWSCloudShellFullAccess,1,v1[0m
ttobin,GROUP_ATTACHED,ANPARFDV6UGLBTC6MLCPA,UserSelfManage,arn:aws:iam::079704269206:policy/UserSelfManage,1,v3[0m
ttobin,GROUP_ATTACHED,ANPARFDV6UGLCRBVM5NGG,AllowMFAmanagement,arn:aws:iam::079704269206:policy/AllowMFAmanagement,1,v6[0m
ttobin,GROUP_ATTACHED,ANPAJN23PDQP7SZQAE3QE,CloudWatchReadOnlyAccess,arn:aws:iam::aws:policy/CloudWatchReadOnlyAccess,4,v9[0m
ttobin,GROUP_ATTACHED,ANPAIILJPXXA6F7GYLYBS,CloudWatchEventsReadOnlyAccess,arn:aws:iam::aws:policy/CloudWatchEventsReadOnlyAccess,1,v3[0m
ttobin,GROUP_ATTACHED,ANPAJ2YIYDYSNNEHK3VKW,CloudWatchLogsReadOnlyAccess,arn:aws:iam::aws:policy/CloudWatchLogsReadOnlyAccess,2,v6[0m
ttobin,GROUP_ATTACHED,ANPAZKAPJZG4AX4TJYLSI,CloudWatchApplicationInsightsReadOnlyAccess,arn:aws:iam::aws:policy/CloudWatchApplicationInsightsReadOnlyAccess,2,v1[0m
ttobin,GROUP_ATTACHED,ANPAZKAPJZG4C7XDT2FFB,CloudWatchSyntheticsReadOnlyAccess,arn:aws:iam::aws:policy/CloudWatchSyntheticsReadOnlyAccess,1,v2[0m
ttobin,GROUP_ATTACHED,ANPARFDV6UGLAGLJUO27N,MFAEnforcementPolicy,arn:aws:iam::079704269206:policy/MFAEnforcementPolicy,1,v1[0m
ttobin,GROUP_INLINE,,SaveCloudwatchInsightsQueries,,0,[0m
ttobin,GROUP_INLINE,,SaveCloudwatchInsightsQueries,,0,[0m

